Year,Julian Day,Rainfall,Runoff (Q),Potential Evapotranspiration (E0),Crop Transpiration (Etrans),Maximum Sublimation (Esoil),SoilWater/L1,SoilWater/L2,SoilWater/L3,Esoil/L1,Esoil/L2,Esoil/L3,Perc/L1,Perc/L2,Perc/L3,Temp/L1,Temp/L2,Temp/L3,Surface Temp,Sediment Yield
,,mm,mm,mm d^-1,mm H2O,mm H2O,mm,mm,mm,mm H2O,mm H2O,mm H2O,mm H2O,mm H2O,mm H2O,C,C,C,C,metric tons
1,1,0,0,0.05,0,0.05,49.451,254.999,300,0.049,0.001,0,0,0,0,-4.45,-0.805,7.664,-8.501,0
1,2,0,0,0.095,0,0.095,49.359,254.997,300,0.092,0.002,0,0,0,0,-3.942,0.299,7.406,-3.713,0
1,3,0,0,0.043,0,0.043,49.317,254.995,300,0.042,0.001,0,0,0,0,-2.966,1.302,7.207,-0.251,0
1,4,0,0,0.054,0,0.054,49.265,254.994,300,0.052,0.001,0,0,0,0,-2.249,2.092,7.047,-0.638,0
1,5,0,0,0.148,0,0.148,49.123,254.991,300,0.142,0.004,0,0,0,0,-2.132,2.627,6.913,-3.408,0
1,6,0,0,0.113,0,0.113,49.016,254.988,300,0.107,0.003,0,0,0,0,-2.169,3.028,6.804,-4.204,0
1,7,0,0,0.071,0,0.071,48.949,254.986,300,0.067,0.002,0,0,0,0,-2.312,3.324,6.715,-4.894,0
1,8,0,0,0.129,0,0.129,48.828,254.983,300,0.121,0.003,0,0,0,0,-2.714,3.5,6.64,-6.636,0
1,9,0,0,0.052,0,0.052,48.78,254.982,300,0.048,0.001,0,0,0,0,-2.698,3.713,6.585,-4.584,0
1,10,0,0,0.117,0,0.117,48.671,254.979,300,0.108,0.003,0,0,0,0,-2.79,3.86,6.539,-5.228,0
1,11,0,0,0.071,0,0.071,48.606,254.977,300,0.065,0.002,0,0,0,0,-2.578,4.039,6.506,-3.488,0
1,12,0,0,0.074,0,0.074,48.538,254.976,300,0.068,0.002,0,0,0,0,-2.087,4.249,6.484,-1.54,0
1,13,0,0,0.178,0,0.178,48.376,254.971,300,0.162,0.004,0,0,0,0,-2.017,4.35,6.463,-3.497,0
1,14,0,0,0.142,0,0.142,48.249,254.968,300,0.128,0.003,0,0,0,0,-2.199,4.379,6.442,-4.941,0
1,15,0,0,0.109,0,0.109,48.151,254.965,300,0.097,0.003,0,0,0,0,-2.688,4.331,6.421,-7.028,0
1,16,0,0,0.108,0,0.108,48.056,254.963,300,0.096,0.003,0,0,0,0,-2.898,4.33,6.406,-5.924,0
1,17,0,0,0.185,0,0.185,47.893,254.958,300,0.163,0.004,0,0,0,0,-3.32,4.276,6.391,-7.47,0
1,18,0,0,0.101,0,0.101,47.805,254.956,300,0.088,0.002,0,0,0,0,-3.938,4.173,6.375,-9.169,0
1,19,0,0,0.172,0,0.172,47.657,254.952,300,0.148,0.004,0,0,0,0,-4.37,4.104,6.363,-8.791,0
1,20,0,0,0.202,0,0.202,47.484,254.947,300,0.173,0.005,0,0,0,0,-4.144,4.169,6.361,-5.322,0
1,21,0,0,0.1,0,0.1,47.4,254.945,300,0.084,0.002,0,0,0,0,-3.169,4.389,6.371,-0.499,0
1,22,0,0,0.338,0,0.338,47.117,254.936,300,0.283,0.008,0,0,0,0,-2.343,4.575,6.379,-0.218,0
1,23,0,0,0.178,0,0.178,46.971,254.932,300,0.146,0.004,0,0,0,0,-1.625,4.736,6.386,0.125,0
1,24,0,0,0.363,0,0.363,46.676,254.923,300,0.295,0.009,0,0,0,0,-1.558,4.757,6.385,-2.949,0
1,25,0,0,0.187,0,0.187,46.527,254.919,300,0.149,0.004,0,0,0,0,-2.147,4.638,6.375,-6.855,0
1,26,0,0,0.338,0,0.338,46.261,254.911,300,0.266,0.008,0,0,0,0,-1.949,4.684,6.377,-2.789,0
1,27,0,0,0.249,0,0.249,46.069,254.905,300,0.192,0.006,0,0,0,0,-1.948,4.687,6.376,-3.745,0
1,28,0,0,0.222,0,0.222,45.9,254.9,300,0.169,0.005,0,0,0,0,-1.964,4.686,6.375,-3.845,0
1,29,0,0,0.126,0,0.126,45.805,254.897,300,0.095,0.003,0,0,0,0,-2.807,4.51,6.362,-8.885,0
1,30,0.2,0.19,0.399,0,0.399,45.512,254.887,300,0.298,0.01,0,0,0,0,-2.842,4.504,6.361,-5.003,0.006
1,31,0,0,0.383,0,0.383,45.232,254.878,300,0.28,0.009,0,0,0,0,-2.031,4.677,6.372,0.089,0
1,32,0,0,0.496,0,0.496,44.877,254.866,300,0.355,0.012,0,0,0,0,-1.54,4.781,6.378,-0.875,0
1,33,0,0,0.372,0,0.372,44.617,254.857,300,0.26,0.009,0,0,0,0,-1.345,4.823,6.381,-2.066,0
1,34,0,0,0.567,0,0.567,44.229,254.844,300,0.388,0.014,0,0,0,0,-0.952,4.907,6.386,-0.629,0
1,35,0,0,0.624,0,0.624,43.813,254.829,300,0.416,0.015,0,0,0,0,-0.598,4.982,6.39,-0.39,0
1,36,0,0,0.331,0,0.331,43.599,254.821,300,0.214,0.008,0,0,0,0,-0.328,5.039,6.394,-0.475,0
1,37,0,0,0.155,0,0.155,43.5,254.817,300,0.099,0.004,0,0,0,0,-0.464,5.01,6.392,-2.6,0
1,38,0,0,0.07,0,0.07,43.456,254.815,300,0.044,0.002,0,0,0,0,-0.303,5.044,6.394,-0.97,0
1,39,0,0,0.116,0,0.116,43.383,254.813,300,0.073,0.003,0,0,0,0,-0.254,5.054,6.394,-1.449,0
1,40,1.8,1.79,0.08,0,0.08,43.338,254.811,300,0.05,0.002,0,0,0,0,-0.166,5.073,6.395,-1.156,0.072
1,41,0.8,0.79,0.125,0,0.125,43.266,254.808,300,0.078,0.003,0,0,0,0,-0.163,5.073,6.395,-1.569,0.029
1,42,0,0,0.117,0,0.117,43.193,254.805,300,0.073,0.003,0,0,0,0,-0.338,5.036,6.393,-2.637,0
1,43,0,0,0.153,0,0.153,43.099,254.801,300,0.095,0.004,0,0,0,0,-0.578,4.985,6.389,-3.25,0
1,44,0.5,0.49,0.217,0,0.217,42.971,254.796,300,0.133,0.005,0,0,0,0,-0.753,4.947,6.387,-3.14,0.017
1,45,0,0,0.241,0,0.241,42.824,254.79,300,0.147,0.006,0,0,0,0,-1.162,4.86,6.381,-4.775,0
1,46,0,0,0.247,0,0.247,42.676,254.784,300,0.149,0.006,0,0,0,0,-1.866,4.71,6.371,-7.062,0
1,47,0,0,0.227,0,0.227,42.54,254.779,300,0.135,0.005,0,0,0,0,-2.544,4.565,6.362,-7.753,0
1,48,0,0,0.016,0,0.016,42.531,254.779,300,0.009,0,0,0,0,0,-4.08,4.238,6.341,-13.779,0
1,49,0,0,0.093,0,0.093,42.476,254.776,300,0.055,0.002,0,0,0,0,-5.271,3.984,6.324,-13.551,0
1,50,0,0,0.288,0,0.288,42.307,254.769,300,0.169,0.007,0,0,0,0,-5.756,3.881,6.317,-10.718,0
1,51,0,0,0.151,0,0.151,42.22,254.766,300,0.088,0.004,0,0,0,0,-5.194,4,6.325,-4.95,0
1,52,0,0,0.143,0,0.143,42.137,254.762,300,0.082,0.003,0,0,0,0,-4.501,4.147,6.335,-3.479,0
1,53,0,0,0.163,0,0.163,42.044,254.759,300,0.093,0.004,0,0,0,0,-4.212,4.209,6.339,-5.083,0
1,54,0,0,0.17,0,0.17,41.947,254.754,300,0.097,0.004,0,0,0,0,-5.032,4.034,6.327,-11.463,0
1,55,0,0,0.001,0,0.001,41.947,254.754,300,0.001,0,0,0,0,0,-6.738,3.67,6.303,-17.822,0
1,56,0.2,0.19,0.031,0,0.031,41.935,254.754,300,0.018,0.001,0,0,0,0,-7.665,3.472,6.291,-15.173,0.006
1,57,1.8,1.79,0.447,0,0.447,41.688,254.743,300,0.252,0.011,0,0,0,0,-7.821,3.439,6.288,-11.625,0.072
1,58,0,0,0.239,0,0.239,41.556,254.737,300,0.132,0.006,0,0,0,0,-8.13,3.372,6.284,-12.732,0
1,59,0,0,0.47,0,0.47,41.298,254.726,300,0.258,0.011,0,0,0,0,-7.861,3.429,6.288,-9.609,0
1,60,0,0,0.786,0,0.786,40.875,254.707,300,0.423,0.019,0,0,0,0,-6.45,3.73,6.307,-2.355,0
1,61,0,0,0.432,0,0.432,40.649,254.697,300,0.226,0.01,0,0,0,0,-5.178,4,6.325,-1.491,0
1,62,0,0,0.344,0,0.344,40.472,254.689,300,0.177,0.008,0,0,0,0,-3.858,4.281,6.343,0.347,0
1,63,0,0,0.387,0,0.387,40.276,254.68,300,0.196,0.009,0,0,0,0,-2.872,4.491,6.357,-0.078,0
1,64,0,0,0.854,0,0.854,39.849,254.659,300,0.427,0.02,0,0,0,0,-2.234,4.627,6.365,-0.992,0
1,65,0,0,0.847,0,0.847,39.438,254.639,300,0.411,0.02,0,0,0,0,-1.582,4.765,6.374,-0.129,0
1,66,0,0,0.452,0,0.452,39.225,254.628,300,0.213,0.011,0,0,0,0,-0.948,4.9,6.383,0.549,0
1,67,0,0,0.246,0,0.246,39.111,254.622,300,0.114,0.006,0,0,0,0,-0.379,5.021,6.391,0.92,0
1,68,0,0,0.313,0,0.313,38.967,254.615,300,0.144,0.007,0,0,0,0,-0.027,5.096,6.396,0.299,0
1,69,0.2,0.19,0.302,0,0.302,38.836,254.608,300,0.137,0.007,0,0,0,0,-0.006,5.1,6.396,-1.278,0.006
1,70,0.2,0.19,0.335,0,0.335,38.691,254.6,300,0.151,0.008,0,0,0,0,-1.238,4.835,6.379,-8.853,0.006
1,71,0.5,0.49,0.289,0,0.289,38.568,254.593,300,0.129,0.007,0,0,0,0,-2.929,4.473,6.355,-13.122,0.017
1,72,0,0,0.221,0,0.221,38.47,254.588,300,0.098,0.005,0,0,0,0,-4.522,4.131,6.332,-14.578,0
1,73,0,0,0.148,0,0.148,38.405,254.584,300,0.065,0.004,0,0,0,0,-6.166,3.779,6.309,-16.816,0
1,74,0,0,0.46,0,0.46,38.204,254.573,300,0.201,0.011,0,0,0,0,-6.178,3.776,6.309,-8.918,0
1,75,0.5,0.49,0.22,0,0.22,38.115,254.568,300,0.095,0.005,0,0,0,0,-5.149,3.996,6.323,-2.626,0.017
1,76,0,0,0.298,0,0.298,37.988,254.561,300,0.127,0.007,0,0,0,0,-5.717,3.873,6.315,-11.057,0
1,77,0,0,0.603,0,0.603,37.732,254.546,300,0.256,0.014,0,0,0,0,-5.851,3.844,6.313,-9.111,0
1,78,0.2,0.19,0.192,0,0.192,37.659,254.542,300,0.08,0.005,0,0,0,0,-4.949,4.037,6.326,-3.003,0.006
1,79,1.5,1.49,0.205,0,0.205,37.58,254.537,300,0.085,0.005,0,0,0,0,-3.81,4.281,6.342,-0.468,0.059
1,80,0,0,0.476,0,0.476,37.384,254.526,300,0.196,0.011,0,0,0,0,-2.725,4.513,6.357,0.586,0
1,81,2.5,2.49,0.156,0,0.156,37.327,254.522,300,0.063,0.004,0,0,0,0,-1.988,4.671,6.368,-0.211,0.104
1,82,17,16.99,0.054,0,0.054,37.312,254.521,300,0.022,0.001,0,0,0,0,-1.354,4.806,6.376,0.06,0.89
1,83,0,0,0.272,0,0.272,37.202,254.514,300,0.11,0.006,0,0,0,0,-0.705,4.945,6.386,0.918,0
1,84,0,0,0.306,0,0.306,37.079,254.507,300,0.123,0.007,0,0,0,0,-0.068,5.082,6.394,1.634,0
1,85,0.2,0.19,0.224,0,0.224,36.997,254.501,300,0.089,0.005,0,0,0,0,0.449,5.192,6.402,1.677,0.006
1,86,0.2,0.19,0.148,0,0.148,36.944,254.498,300,0.058,0.004,0,0,0,0,0.708,5.247,6.405,0.739,0.006
1,87,0,0,1.271,0,1.271,36.445,254.468,300,0.499,0.03,0,0,0,0,1.464,5.409,6.416,4.065,0
1,88,0,0,1.945,0,1.945,35.708,254.421,300,0.737,0.046,0,0,0,0,2.751,5.686,6.434,8.199,0
1,89,0,0,1.464,0,1.464,35.182,254.387,300,0.526,0.035,0,0,0,0,3.664,5.882,6.447,7.493,0
1,90,30.2,30.13,0.119,0,0.119,35.216,254.384,300,0.041,0.003,0,0,0,0,3.488,5.843,6.444,2.002,1.663
1,91,0,0,0.349,0,0.349,35.095,254.376,300,0.121,0.008,0,0,0,0,2.663,5.665,6.433,-2.146,0
1,92,0.5,0.49,0.867,0,0.867,34.803,254.355,300,0.298,0.021,0,0,0,0,1.417,5.397,6.415,-5.687,0.017
1,93,0,0,1.15,0,1.15,34.416,254.328,300,0.387,0.027,0,0,0,0,0.806,5.265,6.406,-3.356,0
1,94,0,0,1.028,0,1.028,34.08,254.303,300,0.336,0.024,0,0,0,0,0.699,5.241,6.405,-1.04,0
1,95,0,0,0.394,0,0.394,33.954,254.294,300,0.126,0.009,0,0,0,0,0.822,5.267,6.406,0.223,0
1,96,0,0,0.746,0,0.746,33.718,254.276,300,0.236,0.018,0,0,0,0,1.449,5.402,6.415,3.426,0
1,97,6.3,6.22,0.704,0,0.704,33.576,254.259,300,0.219,0.017,0,0,0,0,2.213,5.567,6.426,5.011,0.289
1,98,7.9,7.82,0.241,0,0.241,33.579,254.254,300,0.074,0.006,0,0,0,0,2.782,5.689,6.434,4.757,0.374
1,99,0,0,1.188,0,1.188,33.214,254.226,300,0.366,0.028,0,0,0,0,3.657,5.877,6.446,7.297,0
1,100,0,0,1.885,0,1.885,32.648,254.181,300,0.565,0.045,0,0,0,0,4.472,6.053,6.458,7.995,0
1,101,8.6,8.52,0.072,0,0.072,32.707,254.179,300,0.021,0.002,0,0,0,0,3.957,5.941,6.451,0.931,0.412
1,102,0,0,0.959,0,0.959,32.43,254.156,300,0.277,0.023,0,0,0,0,3.987,5.948,6.451,3.607,0
1,103,0,0,1.324,0,1.324,32.055,254.125,300,0.375,0.031,0,0,0,0,4.057,5.963,6.452,3.885,0
1,104,7.4,7.32,0.056,0,0.056,32.119,254.124,300,0.015,0.001,0,0,0,0,3.636,5.871,6.446,0.998,0.347
1,105,45,44.92,0.058,0,0.058,32.184,254.122,300,0.016,0.001,0,0,0,0,3.21,5.779,6.44,0.456,2.512
1,106,1.3,1.22,0.157,0,0.157,32.218,254.119,300,0.044,0.004,0,0,0,0,2.761,5.682,6.433,-0.196,0.047
1,107,0.8,0.72,1.922,0,1.922,31.757,254.073,300,0.536,0.045,0,0,0,0,3.561,5.855,6.445,6.821,0.026
1,108,4.1,4.02,1.31,0,1.31,31.483,254.042,300,0.353,0.031,0,0,0,0,4.408,6.038,6.457,8.071,0.177
1,109,20.6,20.52,0.157,0,0.157,31.524,254.039,300,0.042,0.004,0,0,0,0,4.117,5.974,6.453,2.207,1.096
1,110,22.4,22.32,1.175,0,1.175,31.294,254.011,300,0.312,0.028,0,0,0,0,4.027,5.955,6.451,3.074,1.202
1,111,0,0,2.066,0,2.066,30.755,253.962,300,0.539,0.049,0,0,0,0,4.435,6.043,6.457,5.977,0
1,112,0,0,1.958,0,1.958,30.263,253.916,300,0.491,0.046,0,0,0,0,5.362,6.244,6.471,9.613,0
1,113,0,0,2.227,0,2.227,29.724,253.863,300,0.539,0.053,0,0,0,0,6.377,6.464,6.485,11.269,0
1,114,0,0,1.638,0,1.638,29.343,253.825,300,0.381,0.039,0,0,0,0,7.67,6.744,6.504,14.178,0
1,115,0,0,2.257,0,2.257,28.831,253.771,300,0.511,0.053,0,0,0,0,8.486,6.921,6.516,12.851,0
1,116,0,0,1.89,0,1.89,28.419,253.727,300,0.413,0.045,0,0,0,0,8.161,6.851,6.511,6.939,0
1,117,10.7,10.61,0.61,0,0.61,28.377,253.713,300,0.129,0.014,0,0,0,0,7.492,6.705,6.501,4.465,0.526
1,118,0,0,2.432,0,2.432,27.864,253.655,300,0.514,0.057,0,0,0,0,9.482,7.138,6.53,19.741,0
1,119,1.3,1.21,1.981,0,1.981,27.546,253.609,299.999,0.403,0.047,0,0,0,0,10.357,7.329,6.543,15.401,0.046
1,120,0,0,2.219,0,2.219,27.105,253.557,299.999,0.441,0.052,0,0,0,0,10.808,7.427,6.55,13.895,0
1,121,4.3,4.21,0.85,0,0.85,27.031,253.537,299.999,0.164,0.02,0,0,0,0,10.31,7.319,6.543,8.703,0.187
1,122,7.4,7.31,0.684,0,0.684,26.991,253.521,299.999,0.131,0.016,0,0,0,0,10.008,7.253,6.538,9.281,0.347
1,123,7.1,7.01,0.368,0,0.368,27.011,253.512,299.999,0.07,0.009,0,0,0,0,9.631,7.171,6.533,8.469,0.331
1,124,3,2.91,0.824,0.001,0.823,26.943,253.493,299.999,0.158,0.019,0,0,0,0,9.93,7.237,6.537,12.094,0.124
1,125,0.2,0.13,1.705,0.002,1.703,26.688,253.453,299.999,0.324,0.04,0,0,0,0,11.043,7.479,6.553,17.377,0.004
1,126,0,0,3.044,0.004,3.04,26.12,253.381,299.999,0.568,0.071,0,0,0,0,12.58,7.815,6.576,21.289,0
1,127,1,0.91,0.66,0.001,0.659,26.09,253.366,299.999,0.118,0.015,0,0,0,0,12.112,7.713,6.569,11.027,0.034
1,128,14.7,14.61,2.54,0.007,2.533,25.73,253.307,299.999,0.453,0.059,0,0,0,0,13.761,8.073,6.593,23.258,0.749
1,129,0,0,2.896,0.011,2.885,25.227,253.239,299.999,0.503,0.067,0,0,0,0,15.492,8.452,6.619,25.741,0
1,130,0.2,0.13,2.809,0.014,2.794,24.829,253.174,299.999,0.47,0.065,0,0,0,0,16.737,8.725,6.638,24.898,0.004
1,131,0,0,2.668,0.019,2.648,24.396,253.112,299.999,0.433,0.062,0,0,0,0,17.824,8.964,6.654,25.448,0
1,132,0,0,3.657,0.032,3.623,23.823,253.028,299.999,0.574,0.084,0,0,0,0,18.046,9.013,6.657,21.53,0
1,133,0,0,2.967,0.03,2.935,23.377,252.959,299.999,0.446,0.068,0,0,0,0,17.016,8.789,6.642,14.229,0
1,134,0,0,1.963,0.02,1.942,23.091,252.914,299.999,0.285,0.045,0,0,0,0,16.382,8.651,6.633,15.379,0
1,135,0,0,2.654,0.031,2.621,22.714,252.853,299.999,0.377,0.061,0,0,0,0,15.814,8.528,6.625,15.012,0
1,136,0,0,2.733,0.032,2.699,22.336,252.791,299.999,0.378,0.063,0,0,0,0,15.212,8.397,6.616,14.12,0
1,137,0,0,0.891,0.011,0.88,22.216,252.77,299.999,0.12,0.02,0,0,0,0,13.339,7.987,6.588,5.715,0
1,138,0,0,1.618,0.019,1.597,22,252.733,299.999,0.216,0.037,0,0,0,0,12.696,7.847,6.579,10.879,0
1,139,0,0,1.383,0.017,1.365,21.818,252.701,299.999,0.182,0.032,0,0,0,0,11.627,7.613,6.563,7.53,0
1,140,0,0,1.444,0.017,1.425,21.631,252.668,299.999,0.187,0.033,0,0,0,0,11.298,7.541,6.558,10.709,0
1,141,0,0,2.318,0.029,2.287,21.335,252.615,299.999,0.296,0.053,0,0,0,0,11.743,7.64,6.565,14.989,0
1,142,0,0,2.418,0.03,2.386,21.032,252.56,299.999,0.303,0.055,0,0,0,0,12.183,7.737,6.572,15.49,0
1,143,0,0,0.207,0.003,0.204,21.007,252.555,299.999,0.025,0.005,0,0,0,0,11.106,7.501,6.556,6.862,0
1,144,0,0,0.41,0.007,0.403,20.957,252.546,299.999,0.05,0.009,0,0,0,0,10.234,7.31,6.543,6.804,0
1,145,0,0,1.854,0.03,1.822,20.732,252.504,299.999,0.225,0.042,0,0,0,0,10.785,7.431,6.551,14.34,0
1,146,0.5,0.41,3.75,0.064,3.682,20.379,252.419,299.999,0.447,0.085,0,0,0,0,12.547,7.82,6.577,22.314,0.013
1,147,6.3,6.19,1.533,0.03,1.501,20.308,252.384,299.999,0.178,0.035,0,0,0,0,12.698,7.854,6.58,14.717,0.264
1,148,0,0,1.338,0.03,1.306,20.155,252.354,299.999,0.154,0.03,0,0,0,0,12.169,7.737,6.572,10.796,0
1,149,0,0,2.396,0.057,2.336,19.883,252.3,299.999,0.272,0.054,0,0,0,0,12.337,7.775,6.575,14.359,0
1,150,19.8,19.69,0.169,0.004,0.165,19.974,252.296,299.999,0.019,0.004,0,0,0,0,10.874,7.453,6.553,4.718,0.946
1,151,0,0,2.005,0.049,1.953,19.749,252.252,299.999,0.224,0.045,0,0,0,0,11.101,7.503,6.556,13.155,0
1,152,0,0,2.191,0.054,2.133,19.508,252.202,299.999,0.241,0.049,0,0,0,0,11.188,7.523,6.557,12.583,0
1,153,6.6,6.49,0.288,0.007,0.28,19.587,252.196,299.999,0.031,0.006,0,0,0,0,10.125,7.288,6.541,5.746,0.274
1,154,0.2,0.12,1.969,0.049,1.917,19.452,252.152,299.999,0.214,0.044,0,0,0,0,11.12,7.508,6.556,16.887,0.003
1,155,6.3,6.19,0.786,0.021,0.763,19.478,252.134,299.999,0.084,0.018,0,0,0,0,10.347,7.338,6.545,7.418,0.255
1,156,0.2,0.12,3.425,0.094,3.325,19.189,252.058,299.999,0.368,0.076,0,0,0,0,11.661,7.628,6.565,19.077,0.003
1,157,0,0,2.437,0.074,2.358,18.933,252.004,299.999,0.256,0.054,0,0,0,0,12.463,7.806,6.577,17.573,0
1,158,31,30.89,0.157,0.005,0.151,19.03,252,299.999,0.016,0.003,0,0,0,0,11.351,7.56,6.56,6.989,1.459
1,159,3.6,3.49,2.151,0.083,2.062,18.919,251.953,299.999,0.221,0.047,0,0,0,0,12.755,7.871,6.581,20.836,0.129
1,160,0,0,2.034,0.095,1.933,18.713,251.909,299.999,0.206,0.044,0,0,0,0,14.271,8.206,6.604,23.204,0
1,161,0,0,2.794,0.152,2.633,18.437,251.848,299.999,0.276,0.06,0,0,0,0,15.801,8.545,6.628,25.116,0
1,162,0.8,0.7,3.505,0.227,3.264,18.206,251.774,299.999,0.335,0.075,0,0,0,0,17.457,8.911,6.653,27.725,0.019
1,163,0,0,3.536,0.265,3.254,17.877,251.699,299.999,0.329,0.074,0,0,0,0,18.842,9.219,6.674,28.088,0
1,164,29.7,29.58,2.157,0.187,1.958,17.8,251.655,299.999,0.193,0.045,0,0,0,0,18.693,9.186,6.672,20.495,1.118
1,165,9.4,9.28,3.224,0.323,2.88,17.633,251.589,299.999,0.283,0.066,0,0,0,0,19.564,9.38,6.685,26.479,0.298
1,166,0,0,2.035,0.229,1.791,17.459,251.548,299.999,0.174,0.041,0,0,0,0,18.958,9.246,6.676,18.609,0
1,167,2,1.89,1.244,0.149,1.084,17.469,251.523,299.999,0.104,0.025,0,0,0,0,17.506,8.925,6.654,12.775,0.043
1,168,23.9,23.78,1.433,0.184,1.236,17.468,251.495,299.999,0.118,0.028,0,0,0,0,16.994,8.813,6.647,16.696,0.706
1,169,4.1,3.98,0.411,0.062,0.345,17.55,251.487,299.999,0.033,0.008,0,0,0,0,15.487,8.479,6.624,10.076,0.093
1,170,6.9,6.78,1.274,0.209,1.052,17.565,251.463,299.999,0.101,0.024,0,0,0,0,15.022,8.376,6.617,14.538,0.165
1,171,0,0,0.687,0.127,0.553,17.512,251.451,299.999,0.053,0.013,0,0,0,0,14.395,8.238,6.607,13.007,0
1,172,0,0,3.738,0.753,2.944,17.229,251.384,299.999,0.283,0.067,0,0,0,0,16.727,8.755,6.643,30.097,0
1,173,0,0,4.034,0.92,3.062,16.941,251.314,299.999,0.288,0.07,0,0,0,0,18.979,9.255,6.677,32.433,0
1,174,0,0,3.931,1.008,2.865,16.676,251.249,299.999,0.264,0.065,0,0,0,0,20.464,9.585,6.7,30.519,0
1,175,11.2,11.08,2.107,0.598,1.473,16.663,251.216,299.999,0.133,0.033,0,0,0,0,20.952,9.694,6.708,26.296,0.173
1,176,0,0,3.065,0.981,2.03,16.479,251.17,299.999,0.184,0.046,0,0,0,0,21.429,9.801,6.715,26.816,0
1,177,0,0,4.054,1.393,2.581,16.249,251.111,299.999,0.23,0.058,0,0,0,0,22.297,9.994,6.728,29.751,0
1,178,0,0,3.37,1.242,2.054,16.069,251.065,299.999,0.18,0.047,0,0,0,0,22.888,10.126,6.738,29.126,0
1,179,0.8,0.69,2.528,0.989,1.478,16.052,251.031,299.999,0.128,0.033,0,0,0,0,22.518,10.045,6.732,24.041,0.005
1,180,8.1,7.98,2.776,1.135,1.569,16.038,250.996,299.999,0.136,0.035,0,0,0,0,21.926,9.914,6.723,22.254,0.065
1,181,9.4,9.28,0.871,0.37,0.477,16.119,250.985,299.999,0.041,0.011,0,0,0,0,20.203,9.532,6.697,14.721,0.069
1,182,0,0,1.262,0.551,0.675,16.06,250.97,299.999,0.059,0.015,0,0,0,0,18.932,9.25,6.677,15.364,0
1,183,0.5,0.39,2.898,1.323,1.493,16.036,250.936,299.998,0.129,0.034,0,0,0,0,19.294,9.331,6.683,23.685,0.002
1,184,15,14.88,3.07,1.492,1.488,16.03,250.902,299.998,0.129,0.034,0,0,0,0,19.954,9.478,6.693,25.915,0.099
1,185,5.3,5.18,1.186,0.607,0.544,16.104,250.89,299.998,0.047,0.012,0,0,0,0,19.774,9.439,6.691,21.652,0.028
1,186,87.9,87.78,0.561,0.3,0.244,16.206,250.884,299.998,0.021,0.006,0,0,0,0,18.59,9.176,6.672,15.37,0.53
1,187,0.2,0.11,3.006,1.671,1.246,16.183,250.856,299.998,0.109,0.028,0,0,0,0,18.961,9.258,6.678,23.325,0
1,188,1,0.89,1.837,1.054,0.726,16.233,250.84,299.998,0.063,0.016,0,0,0,0,18.937,9.253,6.678,21.389,0.003
1,189,2,1.88,1.098,0.647,0.417,16.314,250.831,299.998,0.036,0.009,0,0,0,0,18.42,9.138,6.67,18.391,0.007
1,190,21.8,21.68,2.261,1.364,0.826,16.364,250.812,299.998,0.073,0.019,0,0,0,0,18.603,9.179,6.673,21.984,0.111
1,191,22.1,21.98,2.937,1.813,1.03,16.395,250.789,299.998,0.091,0.023,0,0,0,0,19.14,9.298,6.681,24.344,0.107
1,192,2.3,2.18,1.842,1.159,0.622,16.458,250.775,299.998,0.055,0.014,0,0,0,0,19.141,9.298,6.681,21.755,0.008
1,193,0,0,3.113,1.988,1.019,16.367,250.752,299.998,0.091,0.023,0,0,0,0,19.585,9.397,6.688,24.43,0
1,194,5.6,5.48,0.835,0.538,0.266,16.465,250.746,299.998,0.024,0.006,0,0,0,0,18.766,9.215,6.675,17.353,0.02
1,195,0,0,2.576,1.675,0.807,16.393,250.728,299.998,0.072,0.018,0,0,0,0,18.642,9.188,6.673,20.552,0
1,196,0,0,3.357,2.207,1.024,16.302,250.704,299.998,0.091,0.023,0,0,0,0,19.14,9.298,6.681,24.151,0
1,197,0,0,2.492,1.652,0.742,16.237,250.688,299.998,0.065,0.017,0,0,0,0,19.166,9.304,6.681,21.908,0
1,198,19.6,19.48,0.612,0.409,0.179,16.344,250.684,299.998,0.016,0.004,0,0,0,0,18.377,9.129,6.669,17.022,0.074
1,199,1,0.89,1.345,0.906,0.385,16.423,250.675,299.998,0.034,0.009,0,0,0,0,17.867,9.016,6.661,17.755,0.002
1,200,0,0,2.843,1.93,0.797,16.353,250.657,299.998,0.071,0.018,0,0,0,0,18.24,9.099,6.667,22.467,0
1,201,0,0,2.239,1.531,0.614,16.298,250.643,299.998,0.054,0.014,0,0,0,0,18.422,9.139,6.67,21.759,0
1,202,0,0,2.518,1.728,0.681,16.238,250.628,299.998,0.06,0.015,0,0,0,0,18.555,9.169,6.672,21.689,0
1,203,0,0,2.665,1.835,0.71,16.176,250.612,299.998,0.062,0.016,0,0,0,0,18.537,9.165,6.672,20.937,0
1,204,0.2,0.11,1.186,0.819,0.312,16.235,250.605,299.998,0.027,0.007,0,0,0,0,18.098,9.067,6.665,18.371,0
1,205,0,0,1.82,1.262,0.473,16.194,250.594,299.998,0.041,0.011,0,0,0,0,18.012,9.048,6.664,19.976,0
1,206,28.4,28.28,2.293,1.596,0.587,16.266,250.581,299.998,0.051,0.013,0,0,0,0,18.393,9.133,6.67,22.689,0.103
1,207,0,0,1.222,0.854,0.308,16.239,250.574,299.998,0.027,0.007,0,0,0,0,15.714,8.538,6.628,4.693,0
1,208,37.6,37.48,1.888,1.319,0.476,16.32,250.564,299.998,0.042,0.011,0,0,0,0,14.778,8.33,6.614,11.973,0.137
1,209,0,0,1.983,1.389,0.495,16.277,250.553,299.998,0.044,0.011,0,0,0,0,15.06,8.392,6.618,18.188,0
1,210,0,0,2.407,1.689,0.594,16.224,250.539,299.998,0.052,0.013,0,0,0,0,15.61,8.515,6.627,20.144,0
1,211,0,0,3.436,2.414,0.839,16.151,250.52,299.998,0.073,0.019,0,0,0,0,16.546,8.723,6.641,23.139,0
1,212,1.3,1.18,1.311,0.922,0.317,16.24,250.513,299.998,0.028,0.007,0,0,0,0,16.673,8.751,6.643,19.389,0.003
1,213,0,0,2.858,2.012,0.686,16.179,250.498,299.998,0.06,0.015,0,0,0,0,17.315,8.894,6.653,22.645,0
1,214,0,0,2.386,1.682,0.567,16.13,250.485,299.998,0.049,0.013,0,0,0,0,17.804,9.003,6.661,22.496,0
1,215,0,0,2.519,1.776,0.594,16.078,250.472,299.998,0.052,0.013,0,0,0,0,18.099,9.069,6.665,21.919,0
1,216,0,0,2.31,1.631,0.539,16.032,250.46,299.998,0.047,0.012,0,0,0,0,17.974,9.041,6.663,19.737,0
1,217,5.6,5.48,1.681,1.187,0.39,16.121,250.451,299.998,0.034,0.009,0,0,0,0,17.507,8.937,6.656,17.527,0.016
1,218,0.2,0.11,1.66,1.172,0.383,16.174,250.442,299.998,0.033,0.009,0,0,0,0,17.105,8.848,6.65,17.356,0
1,219,0,0,2.47,1.746,0.565,16.125,250.43,299.998,0.049,0.013,0,0,0,0,16.91,8.804,6.647,18.116,0
1,220,0,0,2.814,1.99,0.639,16.069,250.415,299.998,0.056,0.014,0,0,0,0,17.021,8.829,6.649,19.733,0
1,221,14.5,14.38,1.153,0.815,0.26,16.17,250.41,299.998,0.022,0.006,0,0,0,0,16.771,8.774,6.645,17.685,0.046
1,222,0,0,3.312,2.344,0.742,16.106,250.393,299.998,0.065,0.017,0,0,0,0,17.446,8.924,6.655,22.96,0
1,223,0,0,3.454,2.446,0.766,16.039,250.376,299.998,0.066,0.017,0,0,0,0,18.365,9.128,6.669,25.248,0
1,224,0,0,2.942,2.084,0.647,15.983,250.361,299.998,0.056,0.014,0,0,0,0,19.253,9.326,6.683,26.174,0
1,225,0,0,3.241,2.297,0.706,15.923,250.345,299.998,0.061,0.016,0,0,0,0,20.073,9.509,6.696,26.832,0
1,226,0,0,2.143,1.518,0.464,15.883,250.335,299.998,0.04,0.01,0,0,0,0,20.474,9.598,6.702,25.289,0
1,227,39.6,39.47,1.497,1.061,0.322,15.98,250.328,299.998,0.027,0.007,0,0,0,0,20.415,9.585,6.701,23.003,0.138
1,228,0,0,2.467,1.75,0.526,15.935,250.316,299.998,0.045,0.012,0,0,0,0,20.414,9.585,6.701,23.279,0
1,229,0.2,0.11,2.773,1.967,0.588,15.972,250.303,299.998,0.05,0.013,0,0,0,0,20.773,9.665,6.707,25.454,0
1,230,0.2,0.11,0.477,0.338,0.1,16.05,250.301,299.998,0.009,0.002,0,0,0,0,20.053,9.505,6.696,19.376,0
1,231,0,0,1.872,1.328,0.392,16.016,250.292,299.998,0.034,0.009,0,0,0,0,19.725,9.432,6.69,20.869,0
1,232,0,0,1.709,1.213,0.356,15.985,250.284,299.998,0.031,0.008,0,0,0,0,19.328,9.344,6.684,20.062,0
1,233,0,0,2.899,2.057,0.6,15.934,250.271,299.998,0.052,0.013,0,0,0,0,19.168,9.308,6.682,21.01,0
1,234,0,0,1.16,0.824,0.238,15.913,250.265,299.998,0.02,0.005,0,0,0,0,18.612,9.184,6.673,18.427,0
1,235,6.1,5.98,2.249,1.596,0.46,15.997,250.255,299.998,0.039,0.01,0,0,0,0,18.623,9.187,6.674,21.177,0.017
1,236,0,0,2.962,2.103,0.601,15.946,250.242,299.998,0.052,0.013,0,0,0,0,19.178,9.31,6.682,24.472,0
1,237,0,0,3.04,2.159,0.611,15.893,250.228,299.998,0.052,0.014,0,0,0,0,19.896,9.47,6.693,26.124,0
1,238,0,0,2.547,1.809,0.508,15.85,250.217,299.998,0.043,0.011,0,0,0,0,20.678,9.644,6.705,27.377,0
1,239,0,0,2.458,1.745,0.487,15.808,250.206,299.998,0.041,0.011,0,0,0,0,21.1,9.738,6.712,26.148,0
1,240,0,0,1.177,0.836,0.231,15.789,250.2,299.998,0.02,0.005,0,0,0,0,20.722,9.655,6.706,21.835,0
1,241,4.6,4.48,0.625,0.444,0.122,15.902,250.198,299.998,0.01,0.003,0,0,0,0,19.695,9.426,6.69,17.46,0.013
1,242,8.9,8.78,1.277,0.907,0.249,16.005,250.192,299.998,0.021,0.006,0,0,0,0,18.789,9.225,6.676,16.957,0.027
1,243,0,0,2.328,1.653,0.452,15.966,250.182,299.998,0.039,0.01,0,0,0,0,18.109,9.073,6.666,17.219,0
1,244,0,0,2.659,1.888,0.513,15.922,250.171,299.998,0.044,0.011,0,0,0,0,17.582,8.956,6.658,17.33,0
1,245,0,0,1.245,1.187,0.038,15.919,250.17,299.998,0.003,0.001,0,0,0,0,17.001,8.827,6.649,16.364,0
1,246,0,0,1.928,1.68,0.163,15.905,250.166,299.998,0.014,0.004,0,0,0,0,16.472,8.709,6.641,15.978,0
1,247,0,0,2.629,2.164,0.303,15.879,250.159,299.998,0.026,0.007,0,0,0,0,16.154,8.638,6.636,16.614,0
1,248,0,0,1.561,1.193,0.238,15.859,250.154,299.998,0.02,0.005,0,0,0,0,15.669,8.53,6.628,15.218,0
1,249,0,0,2.109,1.534,0.37,15.827,250.146,299.998,0.032,0.008,0,0,0,0,15.265,8.44,6.622,15.129,0
1,250,0,0,1.77,1.213,0.357,15.797,250.138,299.998,0.03,0.008,0,0,0,0,14.741,8.324,6.614,13.913,0
1,251,0,0,2.077,1.335,0.475,15.756,250.127,299.998,0.04,0.011,0,0,0,0,14.358,8.239,6.608,14.131,0
1,252,0,0,1.832,1.098,0.468,15.717,250.117,299.998,0.04,0.01,0,0,0,0,14.173,8.197,6.605,14.863,0
1,253,0,0,1.742,0.953,0.501,15.674,250.106,299.998,0.042,0.011,0,0,0,0,13.717,8.096,6.598,13.011,0
1,254,1.8,1.68,1.289,0.675,0.389,15.762,250.097,299.998,0.033,0.009,0,0,0,0,13.017,7.94,6.587,10.984,0.004
1,255,0,0,2.284,1.112,0.743,15.699,250.08,299.998,0.063,0.017,0,0,0,0,13.083,7.955,6.588,14.76,0
1,256,51.3,51.17,0.221,0.09,0.083,15.819,250.078,299.998,0.007,0.002,0,0,0,0,12.738,7.878,6.583,12.36,0.178
1,257,14.2,14.07,0.423,0.133,0.183,15.929,250.074,299.998,0.016,0.004,0,0,0,0,12.084,7.733,6.573,10.085,0.045
1,258,0,0,0.397,0.107,0.182,15.913,250.07,299.998,0.016,0.004,0,0,0,0,11.249,7.547,6.56,8.203,0
1,259,0,0,0.692,0.185,0.318,15.886,250.063,299.998,0.027,0.007,0,0,0,0,10.448,7.369,6.548,7.4,0
1,260,0,0,1.743,0.433,0.823,15.815,250.045,299.998,0.07,0.018,0,0,0,0,10.047,7.279,6.542,8.843,0
1,261,1.3,1.18,1.051,0.222,0.52,15.89,250.033,299.998,0.044,0.012,0,0,0,0,9.725,7.208,6.537,8.839,0.003
1,262,0.2,0.11,0.63,0.109,0.327,15.949,250.026,299.998,0.028,0.007,0,0,0,0,9.275,7.107,6.53,7.682,0
1,263,5.1,4.98,0.11,0.017,0.058,16.068,250.025,299.998,0.005,0.001,0,0,0,0,8.717,6.983,6.521,6.481,0.014
1,264,0,0,0.157,0.02,0.086,16.06,250.023,299.998,0.007,0.002,0,0,0,0,8.214,6.871,6.513,6.143,0
1,265,0.2,0.11,0.695,0.072,0.391,16.113,250.014,299.998,0.034,0.009,0,0,0,0,8.045,6.834,6.511,7.554,0
1,266,0,0,1.597,0.088,0.945,16.031,249.993,299.998,0.082,0.021,0,0,0,0,8.013,6.826,6.51,8.171,0
1,267,0,0,1.811,0.054,1.1,15.936,249.969,299.998,0.095,0.024,0,0,0,0,8.07,6.839,6.511,8.674,0
1,268,13.5,13.37,0.208,0,0.13,16.051,249.966,299.998,0.011,0.003,0,0,0,0,7.756,6.769,6.506,6.499,0.043
1,269,0,0,0.891,0,0.557,16.002,249.953,299.998,0.048,0.012,0,0,0,0,7.583,6.731,6.504,6.975,0
1,270,0.2,0.11,0.662,0,0.414,16.054,249.944,299.998,0.036,0.009,0,0,0,0,7.381,6.686,6.5,6.591,0
1,271,2.3,2.18,0.547,0,0.342,16.146,249.936,299.998,0.03,0.008,0,0,0,0,7.101,6.623,6.496,5.877,0.006
1,272,1.3,1.18,0.743,0,0.465,16.223,249.926,299.998,0.04,0.01,0,0,0,0,6.689,6.532,6.49,4.744,0.003
1,273,0,0,1.791,0,1.12,16.125,249.901,299.998,0.098,0.025,0,0,0,0,6.717,6.538,6.49,6.898,0
1,274,0.5,0.39,1.166,0,0.729,16.169,249.885,299.998,0.063,0.016,0,0,0,0,6.877,6.574,6.493,7.732,0.001
1,275,0,0,0.988,0,0.617,16.115,249.871,299.998,0.054,0.014,0,0,0,0,6.733,6.542,6.491,6.09,0
1,276,0,0,1.846,0,1.153,16.015,249.846,299.998,0.1,0.026,0,0,0,0,6.931,6.586,6.494,7.978,0
1,277,0,0,1.331,0,0.831,15.943,249.827,299.998,0.072,0.018,0,0,0,0,6.961,6.592,6.494,7.202,0
1,278,0.5,0.39,1.592,0,0.994,15.965,249.805,299.998,0.085,0.022,0,0,0,0,6.963,6.593,6.494,7.071,0.001
1,279,1.5,1.38,1.794,0,1.12,15.988,249.78,299.998,0.096,0.025,0,0,0,0,7.471,6.706,6.502,10.123,0.003
1,280,0,0,1.986,0,1.239,15.882,249.753,299.998,0.107,0.028,0,0,0,0,8.382,6.909,6.516,13.168,0
1,281,9.6,9.47,0.446,0,0.278,15.984,249.746,299.998,0.024,0.006,0,0,0,0,8.522,6.94,6.518,9.618,0.029
1,282,2,1.88,0.685,0,0.427,16.068,249.737,299.998,0.037,0.009,0,0,0,0,8.066,6.838,6.511,6.193,0.005
1,283,0,0,1.145,0,0.713,16.007,249.721,299.998,0.062,0.016,0,0,0,0,7.509,6.714,6.502,5.028,0
1,284,0,0,1.344,0,0.837,15.935,249.703,299.998,0.072,0.019,0,0,0,0,7.058,6.614,6.496,5,0
1,285,0,0,1.076,0,0.67,15.877,249.688,299.998,0.057,0.015,0,0,0,0,6.543,6.499,6.488,4.075,0
1,286,0,0,1.181,0,0.736,15.814,249.671,299.998,0.063,0.016,0,0,0,0,6.054,6.39,6.48,3.606,0
1,287,0.2,0.11,0.987,0,0.615,15.85,249.658,299.998,0.052,0.014,0,0,0,0,5.834,6.341,6.477,4.634,0
1,288,1.8,1.68,0.254,0,0.158,15.958,249.654,299.998,0.013,0.004,0,0,0,0,5.604,6.29,6.473,4.317,0.004
1,289,0.2,0.11,0.389,0,0.242,16.025,249.649,299.998,0.021,0.005,0,0,0,0,5.589,6.287,6.473,5.327,0
1,290,0,0,0.457,0,0.284,16,249.643,299.998,0.025,0.006,0,0,0,0,5.505,6.268,6.472,4.898,0
1,291,0.5,0.39,1.104,0,0.687,16.049,249.627,299.998,0.059,0.015,0,0,0,0,5.51,6.269,6.472,5.335,0.001
1,292,0,0,0.952,0,0.592,15.997,249.614,299.998,0.051,0.013,0,0,0,0,5.623,6.294,6.473,5.987,0
1,293,8.4,8.27,0.193,0,0.12,16.113,249.612,299.998,0.01,0.003,0,0,0,0,5.513,6.27,6.472,4.784,0.025
1,294,0,0,0.854,0,0.531,16.067,249.6,299.998,0.046,0.012,0,0,0,0,5.392,6.243,6.47,4.581,0
1,295,0,0,1.207,0,0.75,16.002,249.583,299.998,0.065,0.017,0,0,0,0,5.339,6.231,6.469,4.847,0
1,296,0,0,1.555,0,0.967,15.918,249.562,299.998,0.083,0.021,0,0,0,0,5.586,6.286,6.473,6.593,0
1,297,0,0,1.415,0,0.879,15.843,249.542,299.998,0.075,0.019,0,0,0,0,5.991,6.376,6.479,7.841,0
1,298,0,0,1.375,0,0.854,15.77,249.524,299.998,0.073,0.019,0,0,0,0,6.387,6.465,6.485,8.28,0
1,299,0,0,0.226,0,0.14,15.759,249.52,299.998,0.012,0.003,0,0,0,0,6.389,6.465,6.485,6.379,0
1,300,0,0,0.165,0,0.102,15.75,249.518,299.998,0.009,0.002,0,0,0,0,6.018,6.382,6.479,4.131,0
1,301,0,0,0.585,0,0.363,15.719,249.51,299.998,0.031,0.008,0,0,0,0,5.717,6.315,6.475,4.103,0
1,302,0,0,0.136,0,0.084,15.712,249.508,299.998,0.007,0.002,0,0,0,0,5.194,6.199,6.467,2.41,0
1,303,0,0,0.363,0,0.225,15.693,249.503,299.998,0.019,0.005,0,0,0,0,4.64,6.075,6.458,1.586,0
1,304,0,0,0.354,0,0.22,15.675,249.498,299.998,0.019,0.005,0,0,0,0,4.068,5.948,6.449,0.81,0
1,305,0,0,0.667,0,0.414,15.64,249.489,299.998,0.035,0.009,0,0,0,0,3.513,5.824,6.441,0.226,0
1,306,0,0,0.177,0,0.11,15.631,249.487,299.998,0.009,0.002,0,0,0,0,3.109,5.734,6.435,0.466,0
1,307,0,0,0.71,0,0.441,15.594,249.477,299.998,0.037,0.01,0,0,0,0,2.957,5.7,6.432,1.497,0
1,308,0,0,0.291,0,0.181,15.578,249.473,299.998,0.015,0.004,0,0,0,0,3.051,5.721,6.434,2.798,0
1,309,1.5,1.38,0.104,0,0.065,15.694,249.472,299.998,0.005,0.001,0,0,0,0,2.972,5.704,6.432,1.867,0.003
1,310,0,0,0.129,0,0.08,15.688,249.47,299.998,0.007,0.002,0,0,0,0,2.596,5.62,6.427,-0.018,0
1,311,0,0,0.442,0,0.274,15.665,249.464,299.998,0.023,0.006,0,0,0,0,2.184,5.528,6.42,-0.691,0
1,312,0,0,0.475,0,0.295,15.64,249.457,299.998,0.025,0.007,0,0,0,0,1.951,5.476,6.417,-0.11,0
1,313,0,0,0.627,0,0.389,15.607,249.449,299.998,0.033,0.009,0,0,0,0,1.795,5.441,6.414,0.081,0
1,314,0.2,0.19,0.45,0,0.279,15.595,249.443,299.998,0.023,0.006,0,0,0,0,1.778,5.437,6.414,0.728,0
1,315,0,0,0.727,0,0.451,15.557,249.433,299.998,0.038,0.01,0,0,0,0,1.856,5.455,6.415,1.279,0
1,316,8.9,8.89,0.339,0,0.21,15.551,249.428,299.998,0.018,0.005,0,0,0,0,1.87,5.458,6.415,0.983,0.027
1,317,0.2,0.11,0.206,0,0.128,15.628,249.425,299.998,0.011,0.003,0,0,0,0,2.068,5.502,6.418,2.117,0
1,318,4.3,4.17,0.059,0,0.037,15.751,249.424,299.998,0.003,0.001,0,0,0,0,2.15,5.52,6.42,1.651,0.012
1,319,0.5,0.39,0.083,0,0.051,15.856,249.423,299.998,0.004,0.001,0,0,0,0,2.134,5.517,6.419,1.159,0.001
1,320,0,0,0.057,0,0.035,15.853,249.422,299.998,0.003,0.001,0,0,0,0,2.059,5.5,6.418,0.784,0
1,321,0,0,0.595,0,0.595,15.802,249.409,299.998,0.051,0.013,0,0,0,0,2.172,5.525,6.42,1.83,0
1,322,0.2,0.11,0.358,0,0.358,15.86,249.401,299.998,0.03,0.008,0,0,0,0,2.073,5.503,6.418,0.688,0.003
1,323,0.5,0.49,0.41,0,0.41,15.836,249.392,299.998,0.035,0.009,0,0,0,0,1.925,5.47,6.416,0.271,0.017
1,324,0,0,0.19,0,0.19,15.82,249.388,299.998,0.016,0.004,0,0,0,0,1.56,5.389,6.411,-1.218,0
1,325,0,0,0.503,0,0.503,15.777,249.377,299.998,0.043,0.011,0,0,0,0,1.87,5.458,6.415,2.417,0
1,326,0,0,0.369,0,0.369,15.746,249.369,299.998,0.031,0.008,0,0,0,0,1.949,5.476,6.417,1.397,0
1,327,0,0,0.482,0,0.482,15.705,249.358,299.998,0.041,0.011,0,0,0,0,2.281,5.55,6.422,3.016,0
1,328,0,0,0.027,0,0.027,15.703,249.358,299.998,0.002,0.001,0,0,0,0,2.149,5.52,6.42,0.617,0
1,329,9.9,9.77,0.015,0,0.015,15.829,249.357,299.998,0.001,0,0,0,0,0,2.007,5.488,6.417,0.398,0.48
1,330,9.4,9.39,0.123,0,0.123,15.83,249.355,299.998,0.01,0.003,0,0,0,0,1.651,5.409,6.412,-1.062,0.459
1,331,0,0,0.108,0,0.108,15.82,249.352,299.998,0.009,0.002,0,0,0,0,1.075,5.281,6.403,-2.815,0
1,332,0.5,0.49,0.174,0,0.174,15.817,249.348,299.998,0.015,0.004,0,0,0,0,0.505,5.154,6.394,-3.476,0.017
1,333,0,0,0.056,0,0.056,15.812,249.347,299.998,0.005,0.001,0,0,0,0,0.129,5.07,6.388,-2.992,0
1,334,0,0,0.069,0,0.069,15.806,249.346,299.998,0.006,0.002,0,0,0,0,-0.036,5.033,6.386,-2.175,0
1,335,1.3,1.29,0.37,0,0.37,15.786,249.337,299.998,0.031,0.008,0,0,0,0,0.04,5.05,6.387,-0.922,0.05
1,336,0.2,0.19,0.381,0,0.381,15.764,249.329,299.998,0.032,0.008,0,0,0,0,0.31,5.11,6.391,0.337,0.006
1,337,0,0,0.074,0,0.074,15.758,249.327,299.998,0.006,0.002,0,0,0,0,0.331,5.115,6.392,-0.831,0
1,338,0,0,0.055,0,0.055,15.753,249.326,299.998,0.005,0.001,0,0,0,0,0.499,5.152,6.394,0.075,0
1,339,0,0,0.029,0,0.029,15.751,249.326,299.998,0.002,0.001,0,0,0,0,0.669,5.19,6.397,0.289,0
1,340,1.5,1.49,0.154,0,0.154,15.749,249.322,299.998,0.013,0.003,0,0,0,0,0.624,5.18,6.396,-0.796,0.058
1,341,0,0,0.115,0,0.115,15.739,249.32,299.998,0.01,0.003,0,0,0,0,0.494,5.151,6.394,-1.372,0
1,342,0,0,0.18,0,0.18,15.724,249.316,299.998,0.015,0.004,0,0,0,0,0.556,5.165,6.395,-0.362,0
1,343,0,0,0.231,0,0.231,15.705,249.311,299.998,0.02,0.005,0,0,0,0,0.831,5.226,6.399,0.993,0
1,344,0,0,0.119,0,0.119,15.695,249.308,299.998,0.01,0.003,0,0,0,0,0.792,5.218,6.399,-0.569,0
1,345,0,0,0.244,0,0.244,15.674,249.303,299.998,0.021,0.005,0,0,0,0,0.274,5.102,6.391,-3.506,0
1,346,0,0,0.247,0,0.247,15.653,249.297,299.998,0.021,0.005,0,0,0,0,0.288,5.105,6.391,-0.919,0
1,347,0,0,0.12,0,0.12,15.643,249.294,299.998,0.01,0.003,0,0,0,0,0.596,5.174,6.396,0.866,0
1,348,0.2,0.19,0.077,0,0.077,15.648,249.293,299.998,0.006,0.002,0,0,0,0,0.879,5.237,6.4,1.091,0.006
1,349,0,0,0.343,0,0.343,15.619,249.285,299.998,0.029,0.008,0,0,0,0,1.237,5.317,6.406,1.885,0
1,350,0,0,0.032,0,0.032,15.616,249.285,299.998,0.003,0.001,0,0,0,0,1.322,5.335,6.407,0.665,0
1,351,4.1,4.09,0.027,0,0.027,15.625,249.284,299.998,0.002,0.001,0,0,0,0,1.364,5.345,6.407,0.511,0.181
1,352,0,0,0.032,0,0.032,15.622,249.283,299.998,0.003,0.001,0,0,0,0,1.361,5.344,6.407,0.296,0
1,353,0,0,0.016,0,0.016,15.621,249.283,299.998,0.001,0,0,0,0,0,1.321,5.335,6.407,0.065,0
1,354,0,0,0.067,0,0.067,15.616,249.281,299.998,0.006,0.001,0,0,0,0,1.2,5.308,6.405,-0.471,0
1,355,0,0,0.057,0,0.057,15.611,249.28,299.998,0.005,0.001,0,0,0,0,0.856,5.231,6.4,-1.966,0
1,356,0,0,0.077,0,0.077,15.604,249.278,299.998,0.006,0.002,0,0,0,0,0.376,5.124,6.392,-3.198,0
1,357,0,0,0.074,0,0.074,15.598,249.277,299.998,0.006,0.002,0,0,0,0,-0.178,5.001,6.384,-4.219,0
1,358,0,0,0.063,0,0.063,15.593,249.275,299.998,0.005,0.001,0,0,0,0,-1.083,4.799,6.37,-7.009,0
1,359,0,0,0.045,0,0.045,15.589,249.274,299.998,0.004,0.001,0,0,0,0,-2.06,4.581,6.354,-8.532,0
1,360,0,0,0.001,0,0.001,15.589,249.274,299.998,0,0,0,0,0,0,-3.145,4.339,6.338,-10.359,0
1,361,0,0,0.026,0,0.026,15.587,249.274,299.998,0.002,0.001,0,0,0,0,-3.894,4.172,6.326,-9.644,0
1,362,0,0,0.037,0,0.037,15.584,249.273,299.998,0.003,0.001,0,0,0,0,-4.501,4.037,6.317,-9.689,0
1,363,0,0,0.094,0,0.094,15.576,249.271,299.998,0.008,0.002,0,0,0,0,-4.477,4.042,6.317,-6.62,0
1,364,0,0,0.089,0,0.089,15.568,249.269,299.998,0.007,0.002,0,0,0,0,-4.338,4.073,6.319,-5.895,0
1,365,0.2,0.19,0.099,0,0.099,15.571,249.267,299.998,0.008,0.002,0,0,0,0,-3.526,4.254,6.332,-1.673,0.006
2,1,0,0,0.08,0,0.08,15.564,249.265,299.998,0.007,0.002,0,0,0,0,-2.878,4.359,6.291,-1.625,0
2,2,0,0,0.053,0,0.053,15.56,249.264,299.998,0.004,0.001,0,0,0,0,-2.721,4.362,6.253,-3.807,0
2,3,0.2,0.19,0.136,0,0.136,15.56,249.261,299.998,0.011,0.003,0,0,0,0,-2.821,4.314,6.219,-5.166,0.006
2,4,0,0,0.085,0,0.085,15.552,249.259,299.998,0.007,0.002,0,0,0,0,-2.914,4.273,6.192,-5.247,0
2,5,0,0,0.057,0,0.057,15.548,249.258,299.998,0.005,0.001,0,0,0,0,-3.05,4.226,6.169,-5.614,0
2,6,0,0,0.067,0,0.067,15.542,249.256,299.998,0.006,0.001,0,0,0,0,-2.719,4.287,6.158,-2.963,0
2,7,0,0,0.102,0,0.102,15.534,249.254,299.998,0.008,0.002,0,0,0,0,-3.33,4.14,6.135,-8.245,0
2,8,0,0,0.001,0,0.001,15.534,249.254,299.998,0,0,0,0,0,0,-4.287,3.918,6.11,-11.071,0
2,9,0,0,0.001,0,0.001,15.533,249.254,299.998,0,0,0,0,0,0,-5.29,3.688,6.086,-12.496,0
2,10,0,0,0.132,0,0.132,15.522,249.251,299.998,0.011,0.003,0,0,0,0,-4.757,3.802,6.087,-4.448,0
2,11,0,0,0.277,0,0.277,15.499,249.245,299.998,0.023,0.006,0,0,0,0,-4.441,3.868,6.086,-5.115,0
2,12,0,0,0.151,0,0.151,15.487,249.242,299.998,0.013,0.003,0,0,0,0,-3.987,3.966,6.089,-3.899,0
2,13,0,0,0.002,0,0.002,15.487,249.242,299.998,0,0,0,0,0,0,-4.338,3.884,6.08,-8.208,0
2,14,0,0,0.001,0,0.001,15.487,249.242,299.998,0,0,0,0,0,0,-5.965,3.519,6.052,-16.322,0
2,15,0,0,0.001,0,0.001,15.487,249.242,299.998,0,0,0,0,0,0,-7.782,3.112,6.022,-19.432,0
2,16,0,0,0.001,0,0.001,15.486,249.242,299.998,0,0,0,0,0,0,-8.168,3.025,6.014,-12.994,0
2,17,0,0,0.001,0,0.001,15.486,249.241,299.998,0,0,0,0,0,0,-8.961,2.847,6,-15.913,0
2,18,0,0,0.001,0,0.001,15.486,249.241,299.998,0,0,0,0,0,0,-10.443,2.516,5.976,-21.023,0
2,19,0,0,0.001,0,0.001,15.486,249.241,299.998,0,0,0,0,0,0,-10.796,2.436,5.97,-16.003,0
2,20,0,0,0.001,0,0.001,15.486,249.241,299.998,0,0,0,0,0,0,-11.297,2.324,5.961,-17.321,0
2,21,0,0,0.123,0,0.123,15.476,249.239,299.998,0.01,0.003,0,0,0,0,-10.577,2.484,5.972,-10.564,0
2,22,0.2,0.19,0.203,0,0.203,15.47,249.234,299.998,0.017,0.004,0,0,0,0,-9.255,2.778,5.992,-6.067,0.006
2,23,2.3,2.29,0.337,0,0.337,15.453,249.227,299.998,0.028,0.007,0,0,0,0,-7.583,3.151,6.018,-2.359,0.094
2,24,0,0,0.254,0,0.254,15.432,249.221,299.998,0.021,0.006,0,0,0,0,-6.778,3.33,6.03,-5.575,0
2,25,0,0,0.086,0,0.086,15.425,249.219,299.998,0.007,0.002,0,0,0,0,-5.858,3.535,6.044,-3.908,0
2,26,0,0,0.111,0,0.111,15.416,249.217,299.998,0.009,0.002,0,0,0,0,-5.426,3.631,6.05,-5.74,0
2,27,0,0,0.098,0,0.098,15.408,249.215,299.998,0.008,0.002,0,0,0,0,-4.614,3.812,6.063,-2.929,0
2,28,0,0,0.137,0,0.137,15.397,249.212,299.998,0.011,0.003,0,0,0,0,-4.238,3.896,6.068,-4.581,0
2,29,0,0,0.061,0,0.061,15.392,249.21,299.998,0.005,0.001,0,0,0,0,-4.637,3.807,6.062,-8.794,0
2,30,0,0,0.001,0,0.001,15.392,249.21,299.998,0,0,0,0,0,0,-5.734,3.562,6.045,-13.493,0
2,31,0,0,0.001,0,0.001,15.391,249.21,299.998,0,0,0,0,0,0,-7.194,3.236,6.022,-16.997,0
2,32,0,0,0.001,0,0.001,15.391,249.21,299.998,0,0,0,0,0,0,-8.236,3.004,6.006,-16.238,0
2,33,0,0,0.016,0,0.016,15.39,249.21,299.998,0.001,0,0,0,0,0,-8.317,2.986,6.005,-11.703,0
2,34,0,0,0.001,0,0.001,15.39,249.21,299.998,0,0,0,0,0,0,-8.807,2.876,5.997,-14.265,0
2,35,0,0,0.076,0,0.076,15.384,249.208,299.998,0.006,0.002,0,0,0,0,-8.968,2.84,5.995,-12.871,0
2,36,0,0,0.143,0,0.143,15.372,249.205,299.998,0.012,0.003,0,0,0,0,-8.762,2.886,5.998,-10.854,0
2,37,0,0,0.144,0,0.144,15.36,249.202,299.998,0.012,0.003,0,0,0,0,-8.634,2.915,6,-11.074,0
2,38,0,0,0.001,0,0.001,15.36,249.202,299.998,0,0,0,0,0,0,-8.679,2.905,5.999,-11.963,0
2,39,0,0,0.003,0,0.003,15.36,249.202,299.998,0,0,0,0,0,0,-8.497,2.945,6.002,-10.652,0
2,40,0,0,0.001,0,0.001,15.36,249.202,299.998,0,0,0,0,0,0,-9.391,2.746,5.988,-16.919,0
2,41,0,0,0.001,0,0.001,15.36,249.202,299.998,0,0,0,0,0,0,-9.882,2.636,5.98,-15.566,0
2,42,4.6,4.59,0.168,0,0.168,15.357,249.198,299.998,0.014,0.004,0,0,0,0,-9.568,2.706,5.985,-11.304,0.206
2,43,0,0,0.117,0,0.117,15.348,249.196,299.998,0.01,0.003,0,0,0,0,-8.405,2.966,6.003,-5.805,0
2,44,0,0,0.288,0,0.288,15.324,249.189,299.998,0.024,0.006,0,0,0,0,-7.748,3.112,6.013,-7.456,0
2,45,1,0.99,0.524,0,0.524,15.292,249.178,299.998,0.043,0.012,0,0,0,0,-6.948,3.291,6.026,-5.802,0.037
2,46,0,0,0.557,0,0.557,15.247,249.165,299.998,0.046,0.012,0,0,0,0,-6.121,3.475,6.039,-4.676,0
2,47,0,0,0.502,0,0.502,15.206,249.154,299.998,0.041,0.011,0,0,0,0,-5.679,3.574,6.045,-5.996,0
2,48,0,0,0.713,0,0.713,15.148,249.139,299.998,0.058,0.016,0,0,0,0,-4.54,3.827,6.063,-1.264,0
2,49,0,0,0.635,0,0.635,15.096,249.125,299.998,0.051,0.014,0,0,0,0,-3.353,4.092,6.081,0.4,0
2,50,10.2,10.19,0.147,0,0.147,15.096,249.121,299.998,0.012,0.003,0,0,0,0,-2.136,4.364,6.1,2.012,0.503
2,51,5.8,5.79,0.331,0,0.331,15.081,249.114,299.998,0.027,0.007,0,0,0,0,-1.478,4.51,6.11,0.11,0.267
2,52,0,0,0.572,0,0.572,15.035,249.102,299.998,0.046,0.013,0,0,0,0,-1.182,4.576,6.115,-1.28,0
2,53,0,0,0.083,0,0.083,15.028,249.1,299.998,0.007,0.002,0,0,0,0,-1.168,4.579,6.115,-2.622,0
2,54,0,0,0.124,0,0.124,15.018,249.097,299.998,0.01,0.003,0,0,0,0,-1.65,4.472,6.108,-5.593,0
2,55,0,0,0.248,0,0.248,15,249.092,299.998,0.02,0.005,0,0,0,0,-2.877,4.198,6.089,-10.667,0
2,56,0.2,0.19,0.153,0,0.153,15,249.088,299.998,0.012,0.003,0,0,0,0,-3.55,4.047,6.078,-8.81,0.006
2,57,1,0.99,0.124,0,0.124,15.001,249.086,299.998,0.01,0.003,0,0,0,0,-4.943,3.736,6.057,-13.959,0.037
2,58,0.2,0.19,0.038,0,0.038,15.01,249.085,299.998,0.003,0.001,0,0,0,0,-6.157,3.465,6.038,-14.558,0.006
2,59,0,0,0.31,0,0.31,15,249.078,299.998,0.025,0.007,0,0,0,0,-6.059,3.487,6.039,-8.117,0
2,60,0,0,0.384,0,0.384,15,249.069,299.998,0.031,0.008,0,0,0,0,-5.767,3.552,6.044,-6.826,0
2,61,0,0,0.584,0,0.584,15,249.057,299.998,0.047,0.013,0,0,0,0,-5.05,3.712,6.055,-3.914,0
2,62,0,0,0.807,0,0.807,15,249.039,299.998,0.065,0.018,0,0,0,0,-3.964,3.955,6.072,-0.822,0
2,63,0,0,0.826,0,0.826,15,249.021,299.998,0.066,0.018,0,0,0,0,-2.557,4.269,6.094,2.424,0
2,64,0,0,0.582,0,0.582,15,249.008,299.998,0.047,0.013,0,0,0,0,-1.581,4.486,6.109,1.515,0
2,65,0.2,0.19,0.591,0,0.591,15,248.995,299.998,0.047,0.013,0,0,0,0,-0.678,4.688,6.123,2.259,0.006
2,66,0,0,0.803,0,0.803,15,248.977,299.998,0.064,0.018,0,0,0,0,-0.279,4.777,6.129,0.307,0
2,67,0,0,0.464,0,0.464,15,248.967,299.998,0.037,0.01,0,0,0,0,-0.538,4.719,6.125,-3.182,0
2,68,0,0,0.635,0,0.635,15,248.953,299.998,0.051,0.014,0,0,0,0,-0.866,4.646,6.12,-3.906,0
2,69,0,0,0.287,0,0.287,15,248.947,299.998,0.023,0.006,0,0,0,0,-0.811,4.658,6.121,-1.996,0
2,70,0,0,0.658,0,0.658,15,248.933,299.998,0.053,0.014,0,0,0,0,-0.84,4.652,6.12,-2.431,0
2,71,0,0,0.564,0,0.564,15,248.92,299.998,0.045,0.012,0,0,0,0,-0.237,4.786,6.13,1.342,0
2,72,0,0,0.165,0,0.165,15,248.917,299.998,0.013,0.004,0,0,0,0,0.058,4.852,6.134,0.21,0
2,73,0,0,0.744,0,0.744,15,248.9,299.998,0.06,0.016,0,0,0,0,0.705,4.997,6.144,2.69,0
2,74,0,0,0.541,0,0.541,15,248.888,299.998,0.043,0.012,0,0,0,0,0.832,5.025,6.146,0.333,0
2,75,0,0,0.787,0,0.787,15,248.871,299.998,0.063,0.017,0,0,0,0,0.515,4.954,6.141,-2.191,0
2,76,0,0,0.361,0,0.361,15,248.863,299.998,0.029,0.008,0,0,0,0,0.364,4.92,6.139,-1.57,0
2,77,0,0,0.335,0,0.335,15,248.856,299.998,0.027,0.007,0,0,0,0,0.383,4.925,6.139,-0.726,0
2,78,0.5,0.49,0.997,0,0.997,15,248.834,299.998,0.08,0.022,0,0,0,0,0.737,5.004,6.145,1.316,0.017
2,79,2,1.99,1.294,0,1.294,15,248.806,299.998,0.104,0.028,0,0,0,0,1.82,5.245,6.161,6.137,0.081
2,80,2.5,2.37,1.155,0,1.155,15.035,248.78,299.998,0.093,0.025,0,0,0,0,2.718,5.446,6.175,6.323,0.098
2,81,0,0,2.058,0,2.058,15,248.735,299.998,0.165,0.045,0,0,0,0,4.025,5.738,6.196,9.874,0
2,82,0.2,0.11,1.371,0,1.371,15,248.705,299.998,0.11,0.03,0,0,0,0,4.595,5.865,6.204,7.009,0.003
2,83,0,0,0.346,0,0.346,15,248.698,299.998,0.028,0.008,0,0,0,0,4.286,5.796,6.2,2.397,0
2,84,0,0,1.052,0,1.052,15,248.675,299.998,0.084,0.023,0,0,0,0,2.881,5.482,6.178,-4.583,0
2,85,2.3,2.17,0.309,0,0.309,15.103,248.668,299.998,0.025,0.007,0,0,0,0,2.185,5.327,6.167,-2.003,0.089
2,86,0.2,0.11,0.945,0,0.945,15.116,248.647,299.998,0.076,0.021,0,0,0,0,2.353,5.364,6.17,2.366,0.003
2,87,0,0,0.41,0,0.41,15.083,248.639,299.998,0.033,0.009,0,0,0,0,2.256,5.342,6.168,0.97,0
2,88,0,0,0.65,0,0.65,15.031,248.624,299.998,0.052,0.014,0,0,0,0,1.327,5.135,6.154,-4.163,0
2,89,0,0,1.19,0,1.19,15,248.598,299.998,0.096,0.026,0,0,0,0,0.676,4.99,6.144,-3.603,0
2,90,0,0,1.791,0,1.791,15,248.559,299.998,0.143,0.039,0,0,0,0,1.382,5.147,6.155,3.789,0
2,91,0,0,2.233,0,2.233,15,248.511,299.998,0.179,0.049,0,0,0,0,2.732,5.449,6.176,8.525,0
2,92,0,0,1.382,0,1.382,15,248.48,299.998,0.111,0.03,0,0,0,0,3.459,5.611,6.187,6.395,0
2,93,0,0,1.541,0,1.541,15,248.447,299.998,0.123,0.034,0,0,0,0,3.594,5.641,6.189,3.701,0
2,94,0.2,0.11,1.039,0,1.039,15.007,248.424,299.998,0.083,0.023,0,0,0,0,3.97,5.725,6.195,5.322,0.003
2,95,1.3,1.18,0.627,0,0.627,15.081,248.411,299.998,0.05,0.014,0,0,0,0,2.974,5.503,6.179,-2.501,0.045
2,96,0,0,0.854,0,0.854,15.013,248.392,299.998,0.069,0.019,0,0,0,0,2.29,5.35,6.169,-1.819,0
2,97,0,0,1.636,0,1.636,15,248.356,299.997,0.131,0.036,0,0,0,0,2.321,5.357,6.169,1.669,0
2,98,0.5,0.39,0.424,0,0.424,15.078,248.347,299.997,0.034,0.009,0,0,0,0,2.572,5.413,6.173,3.029,0.013
2,99,0,0,2.128,0,2.128,15,248.301,299.997,0.171,0.046,0,0,0,0,3.453,5.61,6.187,7.133,0
2,100,0,0,1.77,0,1.77,15,248.263,299.997,0.142,0.038,0,0,0,0,4.274,5.793,6.199,7.829,0
2,101,0,0,0.972,0,0.972,15,248.241,299.997,0.078,0.021,0,0,0,0,4.429,5.827,6.202,4.804,0
2,102,15.5,15.37,0.08,0,0.08,15.127,248.24,299.997,0.006,0.002,0,0,0,0,4.08,5.749,6.196,1.956,0.796
2,103,1.5,1.37,0.67,0,0.67,15.198,248.225,299.997,0.054,0.015,0,0,0,0,4.449,5.832,6.202,5.861,0.053
2,104,7.6,7.47,2.506,0,2.506,15.126,248.171,299.997,0.204,0.054,0,0,0,0,6.087,6.198,6.228,13.957,0.355
2,105,3.8,3.67,0.439,0,0.439,15.221,248.161,299.997,0.035,0.01,0,0,0,0,6.101,6.201,6.228,6.141,0.16
2,106,0,0,1.745,0,1.745,15.079,248.123,299.997,0.142,0.038,0,0,0,0,7.051,6.413,6.243,11.803,0
2,107,0,0,2.496,0,2.496,15,248.069,299.997,0.201,0.054,0,0,0,0,8.256,6.683,6.261,14.486,0
2,108,0.2,0.11,3.435,0,3.435,15,247.995,299.997,0.275,0.074,0,0,0,0,10.06,7.086,6.289,19.54,0.003
2,109,0,0,2.625,0,2.625,15,247.938,299.997,0.21,0.057,0,0,0,0,10.582,7.203,6.298,13.996,0
2,110,0,0,1.201,0,1.201,15,247.912,299.997,0.096,0.026,0,0,0,0,9.703,7.006,6.284,6.175,0
2,111,0,0,2.255,0,2.255,15,247.864,299.997,0.181,0.049,0,0,0,0,9.635,6.991,6.283,10.007,0
2,112,0,0,2.638,0,2.638,15,247.807,299.997,0.211,0.057,0,0,0,0,9.462,6.952,6.28,9.294,0
2,113,0,0,2.985,0,2.985,15,247.742,299.997,0.239,0.064,0,0,0,0,10.108,7.097,6.29,14.016,0
2,114,0,0,2.354,0,2.354,15,247.691,299.997,0.189,0.051,0,0,0,0,11.956,7.51,6.319,22.044,0
2,115,7.4,7.27,0.887,0,0.887,15.063,247.672,299.997,0.071,0.019,0,0,0,0,11.594,7.429,6.313,10.952,0.344
2,116,0.2,0.11,2.649,0,2.649,15,247.615,299.997,0.213,0.057,0,0,0,0,13.07,7.759,6.336,21.59,0.003
2,117,0,0,0.796,0,0.796,15,247.598,299.997,0.064,0.017,0,0,0,0,11.471,7.402,6.312,4.839,0
2,118,1.8,1.67,0.126,0,0.126,15.119,247.596,299.997,0.01,0.003,0,0,0,0,9.536,6.969,6.281,0.886,0.066
2,119,0,0,1.156,0,1.156,15.025,247.571,299.997,0.093,0.025,0,0,0,0,8.83,6.811,6.27,5.961,0
2,120,7.6,7.47,0.143,0,0.143,15.148,247.568,299.997,0.011,0.003,0,0,0,0,7.371,6.485,6.248,0.572,0.355
2,121,3.8,3.67,1.89,0,1.89,15.127,247.527,299.997,0.153,0.041,0,0,0,0,7.24,6.456,6.246,6.817,0.16
2,122,0,0,2.082,0,2.082,15,247.482,299.997,0.168,0.045,0,0,0,0,7.693,6.557,6.253,10.176,0
2,123,0,0,2.274,0,2.274,15,247.433,299.997,0.182,0.049,0,0,0,0,8.384,6.712,6.263,12.158,0
2,124,0,0,1.907,0,1.907,15,247.393,299.997,0.153,0.041,0,0,0,0,8.751,6.794,6.269,11.035,0
2,125,0,0,1.651,0,1.651,15,247.357,299.997,0.132,0.035,0,0,0,0,8.617,6.764,6.267,8.464,0
2,126,0,0,2.23,0,2.23,15,247.309,299.997,0.179,0.048,0,0,0,0,8.543,6.747,6.266,8.661,0
2,127,1.8,1.67,1.881,0,1.881,15,247.269,299.997,0.151,0.04,0,0,0,0,8.919,6.832,6.272,11.285,0.066
2,128,0,0,2.371,0,2.371,15,247.218,299.997,0.19,0.051,0,0,0,0,9.68,7.002,6.284,14.053,0
2,129,0,0,2.781,0,2.781,15,247.159,299.997,0.223,0.059,0,0,0,0,10.737,7.238,6.3,16.76,0
2,130,0,0,2.566,0.001,2.565,15,247.104,299.997,0.206,0.055,0,0,0,0,11.2,7.342,6.307,14.455,0
2,131,12.4,12.26,2.332,0.001,2.331,15,247.054,299.997,0.187,0.05,0,0,0,0,11.974,7.515,6.32,16.881,0.619
2,132,0,0,2.723,0.001,2.722,15,246.996,299.997,0.218,0.058,0,0,0,0,12.316,7.592,6.325,15.217,0
2,133,0,0,3.178,0.001,3.177,15,246.929,299.997,0.255,0.068,0,0,0,0,13.286,7.809,6.34,19.409,0
2,134,12.9,12.76,0.899,0,0.898,15.065,246.909,299.997,0.072,0.019,0,0,0,0,12.555,7.646,6.329,10.328,0.647
2,135,0.5,0.38,2.816,0.001,2.815,15,246.85,299.997,0.227,0.06,0,0,0,0,13.706,7.903,6.347,20.788,0.013
2,136,0,0,3.027,0.002,3.025,15,246.785,299.997,0.242,0.064,0,0,0,0,14.067,7.984,6.352,17.417,0
2,137,0,0,2.965,0.002,2.963,15,246.722,299.997,0.237,0.063,0,0,0,0,13.911,7.95,6.35,14.738,0
2,138,0,0,3.354,0.003,3.35,15,246.651,299.997,0.268,0.071,0,0,0,0,14.248,8.025,6.355,17.515,0
2,139,0,0,3.71,0.004,3.706,15,246.573,299.997,0.297,0.079,0,0,0,0,14.837,8.157,6.365,19.446,0
2,140,0,0,3.935,0.004,3.931,15,246.489,299.997,0.315,0.083,0,0,0,0,16.044,8.428,6.383,23.876,0
2,141,0,0,1.455,0.002,1.453,15,246.459,299.997,0.116,0.031,0,0,0,0,10.441,7.173,6.296,-15.705,0
2,142,0,0,2.741,0.005,2.736,15,246.401,299.997,0.219,0.058,0,0,0,0,8.021,6.631,6.258,-3.277,0
2,143,8.6,8.46,1.196,0.002,1.194,15.042,246.375,299.997,0.096,0.025,0,0,0,0,4.438,5.828,6.202,-13.204,0.408
2,144,0,0,0.234,0,0.233,15.023,246.37,299.997,0.019,0.005,0,0,0,0,1.081,5.076,6.149,-16.157,0
2,145,4.3,4.29,0.327,0.001,0.326,15.009,246.364,299.997,0.026,0.007,0,0,0,0,-1.076,4.592,6.115,-12.974,0.191
2,146,0.2,0.19,0.274,0.001,0.273,15,246.358,299.997,0.022,0.006,0,0,0,0,-4.301,3.87,6.065,-22.004,0.006
2,147,0,0,2.892,0.008,2.884,15,246.297,299.997,0.231,0.061,0,0,0,0,-0.747,4.666,6.121,14.954,0
2,148,0,0,3.656,0.01,3.646,15,246.22,299.997,0.292,0.077,0,0,0,0,3.415,5.599,6.186,22.898,0
2,149,0,0,2.475,0.01,2.465,15,246.168,299.997,0.197,0.052,0,0,0,0,6.429,6.275,6.233,20.997,0
2,150,0,0,3.562,0.019,3.543,15,246.093,299.997,0.284,0.075,0,0,0,0,10.149,7.108,6.291,28.885,0
2,151,0,0,3.55,0.027,3.523,15,246.019,299.997,0.282,0.074,0,0,0,0,13.322,7.82,6.341,30.069,0
2,152,0,0,2.507,0.025,2.482,15,245.967,299.997,0.199,0.052,0,0,0,0,14.137,8.003,6.354,19.687,0
2,153,0,0,3.265,0.038,3.227,15,245.9,299.997,0.259,0.068,0,0,0,0,14.668,8.122,6.362,18.959,0
2,154,0,0,3.632,0.047,3.584,15,245.824,299.996,0.287,0.075,0,0,0,0,15.356,8.276,6.373,20.54,0
2,155,0,0,4.019,0.063,3.955,15,245.742,299.996,0.317,0.083,0,0,0,0,16.696,8.577,6.394,25.302,0
2,156,2.5,2.36,2.121,0.04,2.08,15,245.698,299.996,0.167,0.044,0,0,0,0,16.617,8.559,6.393,18.367,0.096
2,157,0,0,3.441,0.08,3.36,15,245.628,299.996,0.269,0.07,0,0,0,0,18.501,8.982,6.422,30.094,0
2,158,7.6,7.46,0.712,0.021,0.69,15.085,245.613,299.996,0.055,0.014,0,0,0,0,16.74,8.587,6.395,10.405,0.344
2,159,0,0,2.998,0.1,2.896,15,245.553,299.996,0.233,0.06,0,0,0,0,16.611,8.558,6.393,18.12,0
2,160,0,0,3.962,0.136,3.824,15,245.473,299.996,0.306,0.08,0,0,0,0,16.982,8.641,6.399,20.97,0
2,161,0,0,2.049,0.081,1.966,15,245.432,299.996,0.158,0.041,0,0,0,0,16.617,8.56,6.393,16.986,0
2,162,0,0,3.231,0.148,3.08,15,245.368,299.996,0.247,0.064,0,0,0,0,17.452,8.747,6.406,23.775,0
2,163,0,0,3.995,0.212,3.778,15,245.289,299.996,0.303,0.079,0,0,0,0,19.082,9.113,6.432,29.574,0
2,164,8.1,7.96,2.525,0.161,2.36,15,245.24,299.996,0.189,0.049,0,0,0,0,19.62,9.234,6.44,24.957,0.342
2,165,0.2,0.11,4.162,0.325,3.829,15,245.161,299.996,0.307,0.08,0,0,0,0,21.497,9.656,6.47,33.67,0.003
2,166,0,0,3.195,0.305,2.883,15,245.101,299.996,0.231,0.06,0,0,0,0,23.382,10.079,6.5,35.978,0
2,167,0,0,4.118,0.493,3.613,15,245.026,299.996,0.289,0.075,0,0,0,0,25.261,10.501,6.529,38.214,0
2,168,0,0,4.165,0.602,3.546,15,244.953,299.996,0.284,0.073,0,0,0,0,26.39,10.755,6.547,35.962,0
2,169,16.8,16.66,4.284,0.733,3.53,15,244.88,299.996,0.283,0.073,0,0,0,0,27.424,10.988,6.563,36.748,0.608
2,170,1.5,1.36,2.419,0.482,1.922,15,244.84,299.996,0.154,0.04,0,0,0,0,26.861,10.862,6.555,28.372,0.034
2,171,3.8,3.66,2.524,0.575,1.931,15,244.8,299.996,0.155,0.04,0,0,0,0,26.377,10.753,6.547,28.171,0.094
2,172,0,0,3.959,1.025,2.902,15,244.74,299.996,0.232,0.06,0,0,0,0,26.813,10.852,6.554,33.125,0
2,173,0,0,3.914,1.116,2.76,15,244.683,299.996,0.221,0.057,0,0,0,0,26.681,10.822,6.552,30.235,0
2,174,64.5,64.36,0.259,0.08,0.176,15.13,244.68,299.996,0.014,0.004,0,0,0,0,23.395,10.085,6.5,11.076,1.453
2,175,1.3,1.17,2.679,0.873,1.775,15.121,244.643,299.996,0.144,0.037,0,0,0,0,22.877,9.968,6.492,23.785,0.018
2,176,63.2,63.06,3.269,1.138,2.087,15.096,244.6,299.996,0.169,0.043,0,0,0,0,22.845,9.961,6.492,26.093,1.194
2,177,2.5,2.36,2.916,1.079,1.791,15.091,244.563,299.996,0.144,0.037,0,0,0,0,22.536,9.892,6.487,24.384,0.029
2,178,0,0,3.139,1.215,1.868,15,244.525,299.996,0.151,0.038,0,0,0,0,22.415,9.865,6.485,25.146,0
2,179,13.5,13.36,1.97,0.797,1.133,15.053,244.502,299.996,0.091,0.023,0,0,0,0,22.132,9.802,6.48,24.027,0.15
2,180,0.5,0.38,2.151,0.91,1.196,15.078,244.477,299.996,0.096,0.025,0,0,0,0,21.691,9.703,6.474,22.73,0.003
2,181,0,0,3.131,1.377,1.683,15,244.442,299.996,0.136,0.035,0,0,0,0,21.62,9.687,6.472,24.429,0
2,182,0,0,3.04,1.383,1.582,15,244.41,299.996,0.127,0.032,0,0,0,0,22.107,9.797,6.48,27.703,0
2,183,0,0,2.812,1.325,1.414,15,244.381,299.996,0.113,0.029,0,0,0,0,21.848,9.739,6.476,23.796,0
2,184,15.5,15.36,2.625,1.256,1.294,15.041,244.354,299.996,0.104,0.027,0,0,0,0,21.201,9.594,6.466,21.144,0.107
2,185,30.2,30.05,1.182,0.576,0.571,15.14,244.343,299.996,0.046,0.012,0,0,0,0,20.089,9.344,6.448,17.572,0.209
2,186,0,0,3.21,1.607,1.506,15.018,244.312,299.996,0.122,0.031,0,0,0,0,20.544,9.446,6.456,25.662,0
2,187,5.3,5.16,2.804,1.445,1.27,15.06,244.286,299.996,0.102,0.026,0,0,0,0,21.265,9.608,6.467,27.815,0.026
2,188,10.9,10.76,2.153,1.136,0.946,15.128,244.266,299.996,0.076,0.019,0,0,0,0,21.429,9.645,6.47,25.33,0.057
2,189,0.2,0.1,1.553,0.836,0.664,15.17,244.253,299.996,0.054,0.014,0,0,0,0,20.888,9.524,6.461,21.283,0
2,190,0.8,0.67,1.064,0.58,0.447,15.263,244.244,299.996,0.036,0.009,0,0,0,0,19.586,9.231,6.441,16.047,0.002
2,191,0,0,3.278,1.801,1.36,15.152,244.216,299.996,0.111,0.028,0,0,0,0,19.261,9.158,6.435,20.361,0
2,192,2.3,2.16,3.14,1.736,1.283,15.188,244.19,299.996,0.104,0.026,0,0,0,0,19.487,9.209,6.439,23.292,0.008
2,193,0,0,1.749,0.976,0.702,15.131,244.175,299.996,0.057,0.014,0,0,0,0,19.272,9.161,6.436,20.906,0
2,194,0,0,2.041,1.148,0.808,15.066,244.159,299.996,0.065,0.017,0,0,0,0,18.655,9.022,6.426,18.226,0
2,195,12.5,12.35,0.78,0.44,0.306,15.186,244.153,299.996,0.025,0.006,0,0,0,0,17.519,8.767,6.408,14.353,0.05
2,196,0,0,3.143,1.781,1.223,15.087,244.128,299.996,0.099,0.025,0,0,0,0,17.864,8.845,6.413,21.91,0
2,197,0.5,0.38,1.408,0.804,0.539,15.165,244.117,299.996,0.043,0.011,0,0,0,0,17.538,8.771,6.408,18.278,0.001
2,198,0.2,0.1,2.971,1.704,1.126,15.17,244.094,299.996,0.091,0.023,0,0,0,0,17.97,8.869,6.415,22.454,0
2,199,0,0,3.258,1.879,1.218,15.071,244.069,299.996,0.099,0.025,0,0,0,0,18.719,9.037,6.427,24.884,0
2,200,20.5,20.35,2.175,1.26,0.803,15.152,244.052,299.996,0.065,0.016,0,0,0,0,19.231,9.152,6.435,24.36,0.078
2,201,3.8,3.66,2.241,1.304,0.818,15.228,244.036,299.996,0.066,0.017,0,0,0,0,19.651,9.247,6.442,24.422,0.011
2,202,7,6.86,1.606,0.939,0.58,15.325,244.024,299.996,0.047,0.012,0,0,0,0,19.496,9.212,6.439,21.464,0.022
2,203,0,0,2.234,1.309,0.8,15.259,244.007,299.996,0.066,0.016,0,0,0,0,19.53,9.219,6.44,22.412,0
2,204,0,0,3.073,1.805,1.091,15.17,243.985,299.996,0.089,0.022,0,0,0,0,20.033,9.332,6.448,25.281,0
2,205,20.8,20.65,3.071,1.808,1.079,15.228,243.963,299.996,0.087,0.022,0,0,0,0,20.431,9.422,6.454,25.258,0.074
2,206,0.2,0.1,2.968,1.75,1.033,15.24,243.942,299.996,0.084,0.021,0,0,0,0,20.667,9.475,6.458,24.758,0
2,207,0,0,1.434,0.847,0.494,15.2,243.932,299.996,0.04,0.01,0,0,0,0,20.052,9.337,6.448,19.915,0
2,208,0,0,2.507,1.481,0.86,15.13,243.914,299.996,0.07,0.018,0,0,0,0,19.521,9.218,6.44,19.681,0
2,209,0.2,0.1,3.134,1.854,1.066,15.141,243.893,299.996,0.086,0.022,0,0,0,0,19.278,9.163,6.436,20.779,0
2,210,0,0,2.423,1.434,0.818,15.074,243.876,299.996,0.066,0.017,0,0,0,0,19.011,9.103,6.432,20.338,0
2,211,0,0,2.321,1.376,0.778,15.012,243.86,299.996,0.063,0.016,0,0,0,0,18.866,9.071,6.429,20.75,0
2,212,2.2,2.06,2.898,1.719,0.965,15.075,243.841,299.996,0.077,0.02,0,0,0,0,19.003,9.102,6.432,22.277,0.005
2,213,3,2.86,2.566,1.524,0.849,15.149,243.823,299.996,0.068,0.017,0,0,0,0,19.255,9.159,6.436,23.135,0.008
2,214,0.2,0.1,2.502,1.487,0.822,15.179,243.807,299.996,0.067,0.017,0,0,0,0,19.48,9.209,6.439,23.271,0
2,215,18.8,18.65,1.28,0.761,0.418,15.291,243.798,299.996,0.034,0.008,0,0,0,0,19.027,9.107,6.432,19.463,0.063
2,216,1,0.87,1.773,1.055,0.576,15.377,243.786,299.996,0.047,0.012,0,0,0,0,18.344,8.954,6.421,17.536,0.002
2,217,0,0,2.739,1.631,0.885,15.304,243.768,299.996,0.073,0.018,0,0,0,0,17.783,8.828,6.412,17.443,0
2,218,0,0,2.331,1.388,0.751,15.243,243.753,299.996,0.062,0.015,0,0,0,0,17.322,8.724,6.405,17.372,0
2,219,0,0,2.79,1.662,0.893,15.17,243.735,299.996,0.073,0.018,0,0,0,0,17.098,8.674,6.402,18.237,0
2,220,0,0,1.481,0.882,0.471,15.132,243.725,299.996,0.038,0.01,0,0,0,0,16.661,8.575,6.395,16.691,0
2,221,0,0,0.774,0.461,0.245,15.112,243.72,299.996,0.02,0.005,0,0,0,0,15.738,8.368,6.38,13.238,0
2,222,31,30.85,0.117,0.07,0.037,15.256,243.72,299.996,0.003,0.001,0,0,0,0,14.431,8.074,6.359,9.809,0.108
2,223,0,0,0.469,0.28,0.148,15.244,243.717,299.996,0.012,0.003,0,0,0,0,13.247,7.808,6.341,8.978,0
2,224,0.2,0.1,0.603,0.359,0.19,15.325,243.713,299.996,0.016,0.004,0,0,0,0,12.249,7.583,6.325,8.673,0
2,225,0,0,2.027,1.208,0.639,15.273,243.7,299.996,0.052,0.013,0,0,0,0,12.222,7.577,6.325,13.314,0
2,226,0,0,2.348,1.4,0.736,15.213,243.685,299.996,0.06,0.015,0,0,0,0,12.51,7.642,6.329,15.186,0
2,227,0,0,2.85,1.7,0.887,15.14,243.667,299.996,0.072,0.018,0,0,0,0,13.108,7.777,6.339,17.396,0
2,228,0,0,2.854,1.702,0.882,15.069,243.649,299.996,0.071,0.018,0,0,0,0,13.778,7.928,6.349,18.552,0
2,229,0,0,2.526,1.507,0.775,15.007,243.633,299.996,0.062,0.016,0,0,0,0,14.426,8.073,6.359,19.225,0
2,230,16.8,16.65,1.246,0.743,0.38,15.123,243.626,299.996,0.03,0.008,0,0,0,0,14.673,8.129,6.363,17.59,0.055
2,231,17,16.85,0.783,0.467,0.238,15.251,243.621,299.996,0.019,0.005,0,0,0,0,14.425,8.073,6.359,14.902,0.055
2,232,0,0,0.799,0.477,0.242,15.231,243.616,299.996,0.02,0.005,0,0,0,0,14.044,7.988,6.353,13.809,0
2,233,0,0,2.403,1.435,0.726,15.172,243.601,299.996,0.059,0.015,0,0,0,0,14.189,8.02,6.356,16.515,0
2,234,0,0,2.451,1.463,0.736,15.112,243.586,299.996,0.06,0.015,0,0,0,0,14.51,8.092,6.361,17.753,0
2,235,0,0,2.301,1.374,0.687,15.057,243.572,299.996,0.055,0.014,0,0,0,0,14.895,8.179,6.367,18.518,0
2,236,0,0,2.893,1.727,0.859,15,243.555,299.996,0.069,0.017,0,0,0,0,15.762,8.374,6.381,21.888,0
2,237,0.8,0.67,2.391,1.428,0.704,15.075,243.541,299.996,0.056,0.014,0,0,0,0,16.454,8.53,6.392,21.879,0.001
2,238,0.8,0.67,2.351,1.404,0.69,15.151,243.527,299.996,0.056,0.014,0,0,0,0,17.174,8.692,6.403,22.884,0.001
2,239,0,0,1.763,1.053,0.514,15.109,243.516,299.996,0.042,0.01,0,0,0,0,17.54,8.774,6.409,21.611,0
2,240,0,0,2.501,1.494,0.726,15.05,243.502,299.996,0.059,0.015,0,0,0,0,17.738,8.819,6.412,21.045,0
2,241,0,0,2.56,1.529,0.738,15,243.487,299.996,0.059,0.015,0,0,0,0,17.705,8.812,6.411,19.897,0
2,242,3.8,3.66,0.353,0.211,0.101,15.137,243.485,299.996,0.008,0.002,0,0,0,0,16.83,8.615,6.398,14.782,0.01
2,243,1.5,1.36,0.831,0.496,0.238,15.256,243.48,299.996,0.019,0.005,0,0,0,0,15.686,8.357,6.379,12.107,0.003
2,244,0,0,1.613,0.964,0.461,15.218,243.47,299.995,0.038,0.009,0,0,0,0,14.707,8.137,6.364,11.724,0
2,245,0.2,0.1,0.522,0.312,0.149,15.303,243.467,299.995,0.012,0.003,0,0,0,0,13.723,7.916,6.348,10.516,0
2,246,2.8,2.66,0.699,0.418,0.199,15.429,243.463,299.995,0.016,0.004,0,0,0,0,12.848,7.719,6.335,9.982,0.007
2,247,0,0,0.365,0.218,0.104,15.421,243.461,299.995,0.009,0.002,0,0,0,0,11.945,7.516,6.32,8.766,0
2,248,0.2,0.1,0.41,0.245,0.116,15.508,243.459,299.995,0.01,0.002,0,0,0,0,11.199,7.348,6.308,8.62,0
2,249,0,0,2.387,1.426,0.677,15.452,243.445,299.995,0.056,0.014,0,0,0,0,11.222,7.353,6.309,12.351,0
2,250,0.5,0.38,2.578,1.54,0.726,15.514,243.43,299.995,0.06,0.015,0,0,0,0,11.546,7.426,6.314,14.197,0.001
2,251,3,2.86,1.813,1.083,0.507,15.614,243.42,299.995,0.042,0.01,0,0,0,0,11.992,7.526,6.321,15.318,0.008
2,252,18,17.85,1.997,1.193,0.556,15.713,243.409,299.995,0.047,0.011,0,0,0,0,12.429,7.624,6.328,15.806,0.059
2,253,0.2,0.1,2.416,1.443,0.669,15.753,243.395,299.995,0.056,0.014,0,0,0,0,13.245,7.807,6.341,18.608,0
2,254,0,0,2.372,2.191,0.124,15.743,243.393,299.995,0.01,0.003,0,0,0,0,14.076,7.994,6.354,19.688,0
2,255,0,0,1.935,1.611,0.22,15.724,243.389,299.995,0.019,0.004,0,0,0,0,14.653,8.124,6.363,19.155,0
2,256,8.8,8.66,2.262,1.689,0.387,15.836,243.381,299.995,0.033,0.008,0,0,0,0,15.426,8.298,6.375,21.035,0.026
2,257,11.5,11.36,1.427,0.906,0.349,15.952,243.374,299.995,0.03,0.007,0,0,0,0,15.902,8.405,6.383,20.173,0.035
2,258,10,9.86,2.124,1.122,0.668,16.039,243.36,299.995,0.057,0.013,0,0,0,0,16.648,8.572,6.394,22.377,0.03
2,259,1.8,1.66,1.416,0.569,0.561,16.128,243.349,299.995,0.048,0.011,0,0,0,0,16.871,8.622,6.398,20.123,0.004
2,260,0,0,1.761,0.573,0.784,16.06,243.333,299.995,0.068,0.016,0,0,0,0,16.781,8.602,6.396,18.506,0
2,261,0,0,2.381,0.636,1.147,15.961,243.31,299.995,0.099,0.023,0,0,0,0,16.621,8.566,6.394,17.979,0
2,262,0,0,2.49,0.503,1.3,15.849,243.284,299.995,0.112,0.026,0,0,0,0,16.53,8.545,6.392,18.199,0
2,263,0,0,1.857,0.251,1.048,15.76,243.262,299.995,0.089,0.021,0,0,0,0,16.293,8.492,6.389,17.211,0
2,264,0,0,1.877,0.127,1.139,15.663,243.239,299.995,0.096,0.023,0,0,0,0,16.209,8.473,6.387,17.844,0
2,265,12.2,12.05,0.237,0,0.154,15.797,243.236,299.995,0.013,0.003,0,0,0,0,15.424,8.297,6.375,13.523,0.038
2,266,3.2,3.06,0.802,0,0.521,15.895,243.226,299.995,0.044,0.01,0,0,0,0,14.634,8.119,6.363,12.545,0.008
2,267,11,10.85,0.769,0,0.499,15.997,243.216,299.995,0.043,0.01,0,0,0,0,13.953,7.966,6.352,12.25,0.034
2,268,15,14.85,1.347,0,0.873,16.067,243.198,299.995,0.075,0.018,0,0,0,0,13.5,7.864,6.345,12.806,0.048
2,269,12,11.86,0.122,0,0.079,16.205,243.197,299.995,0.007,0.002,0,0,0,0,12.549,7.651,6.33,9.261,0.037
2,270,0,0,0.237,0,0.154,16.192,243.194,299.995,0.013,0.003,0,0,0,0,11.493,7.413,6.313,7.48,0
2,271,0,0,1.037,0,0.672,16.133,243.18,299.995,0.059,0.014,0,0,0,0,10.695,7.234,6.3,7.765,0
2,272,0,0,1.775,0,1.149,16.033,243.157,299.995,0.1,0.023,0,0,0,0,10.252,7.134,6.293,8.94,0
2,273,0,0,1.137,0,0.736,15.97,243.142,299.995,0.064,0.015,0,0,0,0,9.94,7.064,6.288,9.193,0
2,274,0.2,0.1,0.915,0,0.592,16.015,243.13,299.995,0.051,0.012,0,0,0,0,9.623,6.993,6.283,8.793,0
2,275,0,0,0.246,0,0.159,16.001,243.127,299.995,0.014,0.003,0,0,0,0,9.084,6.872,6.275,7.073,0
2,276,2.2,2.06,1.063,0,0.688,16.082,243.113,299.995,0.059,0.014,0,0,0,0,8.86,6.821,6.271,8.318,0.005
2,277,0.2,0.1,0.556,0,0.359,16.147,243.106,299.995,0.031,0.007,0,0,0,0,8.485,6.737,6.265,7.137,0
2,278,0,0,0.759,0,0.491,16.105,243.096,299.995,0.043,0.01,0,0,0,0,8.084,6.647,6.259,6.533,0
2,279,0,0,1.153,0,0.745,16.04,243.081,299.995,0.065,0.015,0,0,0,0,8.04,6.637,6.258,8.197,0
2,280,3.8,3.66,1.106,0,0.714,16.121,243.067,299.995,0.062,0.014,0,0,0,0,8.322,6.7,6.263,10.112,0.01
2,281,3.5,3.36,0.285,0,0.184,16.247,243.063,299.995,0.016,0.004,0,0,0,0,8.134,6.658,6.26,7.616,0.009
2,282,0.2,0.1,1.059,0,0.683,16.284,243.049,299.995,0.06,0.014,0,0,0,0,7.821,6.587,6.255,6.636,0
2,283,0,0,1.344,0,0.867,16.207,243.032,299.995,0.076,0.017,0,0,0,0,7.479,6.511,6.25,6.088,0
2,284,0,0,1.446,0,0.933,16.126,243.013,299.995,0.082,0.019,0,0,0,0,7.225,6.454,6.246,6.208,0
2,285,0,0,1.626,0,1.049,16.034,242.992,299.995,0.091,0.021,0,0,0,0,7.121,6.43,6.244,6.799,0
2,286,0,0,1.299,0,0.838,15.962,242.975,299.995,0.072,0.017,0,0,0,0,7.066,6.418,6.243,6.971,0
2,287,0,0,1.187,0,0.765,15.896,242.96,299.995,0.066,0.015,0,0,0,0,7.116,6.429,6.244,7.538,0
2,288,0,0,0.681,0,0.439,15.859,242.951,299.995,0.038,0.009,0,0,0,0,7.216,6.452,6.245,7.9,0
2,289,0,0,0.878,0,0.565,15.811,242.939,299.995,0.048,0.011,0,0,0,0,7.494,6.514,6.25,9.092,0
2,290,4.5,4.36,0.277,0,0.178,15.94,242.936,299.995,0.015,0.004,0,0,0,0,7.619,6.542,6.252,8.507,0.012
2,291,0,0,0.362,0,0.233,15.92,242.931,299.995,0.02,0.005,0,0,0,0,7.653,6.55,6.252,8.107,0
2,292,0,0,1.138,0,0.732,15.857,242.916,299.995,0.063,0.015,0,0,0,0,7.808,6.585,6.255,8.879,0
2,293,0,0,1.131,0,0.727,15.795,242.902,299.995,0.062,0.015,0,0,0,0,7.829,6.589,6.255,8.253,0
2,294,0,0,1.273,0,0.818,15.726,242.885,299.995,0.069,0.016,0,0,0,0,7.82,6.588,6.255,8.105,0
2,295,7.2,7.05,1.228,0,0.789,15.806,242.87,299.995,0.067,0.016,0,0,0,0,7.879,6.601,6.256,8.5,0.021
2,296,0,0,0.91,0,0.584,15.756,242.858,299.995,0.05,0.012,0,0,0,0,7.743,6.57,6.254,7.399,0
2,297,0,0,0.203,0,0.13,15.745,242.855,299.995,0.011,0.003,0,0,0,0,7.269,6.464,6.246,5.195,0
2,298,0,0,0.164,0,0.105,15.736,242.853,299.995,0.009,0.002,0,0,0,0,6.671,6.329,6.237,3.881,0
2,299,0,0,0.525,0,0.337,15.708,242.846,299.995,0.028,0.007,0,0,0,0,6.106,6.202,6.228,3.361,0
2,300,0,0,1.105,0,0.709,15.648,242.832,299.995,0.06,0.014,0,0,0,0,5.801,6.133,6.223,4.245,0
2,301,0,0,0.416,0,0.267,15.625,242.827,299.995,0.022,0.005,0,0,0,0,5.654,6.1,6.221,4.823,0
2,302,0,0,0.72,0,0.462,15.587,242.818,299.995,0.039,0.009,0,0,0,0,5.529,6.072,6.219,4.783,0
2,303,0,0,0.68,0,0.436,15.55,242.809,299.995,0.036,0.009,0,0,0,0,5.394,6.042,6.217,4.573,0
2,304,0,0,0.192,0,0.123,15.54,242.806,299.995,0.01,0.002,0,0,0,0,5.121,5.98,6.212,3.58,0
2,305,0,0,0.819,0,0.525,15.496,242.796,299.995,0.044,0.011,0,0,0,0,4.896,5.93,6.209,3.539,0
2,306,0,0,0.644,0,0.413,15.462,242.788,299.995,0.034,0.008,0,0,0,0,4.856,5.921,6.208,4.382,0
2,307,0.5,0.38,0.201,0,0.129,15.575,242.785,299.995,0.011,0.003,0,0,0,0,4.865,5.923,6.208,4.632,0.001
2,308,2.5,2.36,0.053,0,0.034,15.715,242.784,299.995,0.003,0.001,0,0,0,0,4.735,5.893,6.206,3.803,0.006
2,309,16.8,16.65,0.058,0,0.037,15.86,242.784,299.995,0.003,0.001,0,0,0,0,4.54,5.849,6.203,3.251,0.054
2,310,0.5,0.38,0.69,0,0.442,15.944,242.775,299.995,0.038,0.009,0,0,0,0,4.358,5.809,6.2,3.102,0.001
2,311,0,0,0.816,0,0.523,15.9,242.764,299.995,0.045,0.01,0,0,0,0,4.303,5.796,6.199,3.64,0
2,312,1.5,1.36,0.23,0,0.147,16.026,242.761,299.995,0.013,0.003,0,0,0,0,4.296,5.795,6.199,3.867,0.003
2,313,1.5,1.36,0.241,0,0.154,16.15,242.758,299.995,0.013,0.003,0,0,0,0,4.114,5.754,6.196,2.807,0.003
2,314,0.2,0.1,0.755,0,0.484,16.205,242.749,299.995,0.042,0.01,0,0,0,0,3.926,5.712,6.193,2.548,0
2,315,0,0,0.708,0,0.454,16.165,242.74,299.995,0.04,0.009,0,0,0,0,3.776,5.678,6.191,2.552,0
2,316,0,0,0.106,0,0.068,16.159,242.738,299.995,0.006,0.001,0,0,0,0,3.604,5.639,6.188,2.235,0
2,317,8,7.85,0.091,0,0.058,16.3,242.737,299.995,0.005,0.001,0,0,0,0,3.56,5.629,6.188,2.805,0.023
2,318,0,0,0.551,0,0.353,16.269,242.73,299.995,0.031,0.007,0,0,0,0,3.599,5.638,6.188,3.25,0
2,319,0,0,0.606,0,0.388,16.235,242.722,299.995,0.034,0.008,0,0,0,0,3.501,5.616,6.187,2.472,0
2,320,0,0,0.63,0,0.403,16.199,242.714,299.995,0.035,0.008,0,0,0,0,3.341,5.58,6.184,1.974,0
2,321,0.2,0.1,0.147,0,0.147,16.283,242.711,299.995,0.013,0.003,0,0,0,0,3.153,5.538,6.181,1.623,0.003
2,322,0,0,0.57,0,0.57,16.233,242.7,299.995,0.05,0.011,0,0,0,0,3.088,5.523,6.18,2.132,0
2,323,0,0,0.391,0,0.391,16.199,242.692,299.995,0.034,0.008,0,0,0,0,2.661,5.427,6.173,-0.128,0
2,324,6,5.86,0.079,0,0.079,16.337,242.69,299.995,0.007,0.002,0,0,0,0,2.579,5.409,6.172,1.434,0.27
2,325,3.8,3.66,0.199,0,0.199,16.462,242.686,299.995,0.018,0.004,0,0,0,0,2.468,5.384,6.17,1.164,0.16
2,326,0,0,0.387,0,0.387,16.428,242.679,299.995,0.034,0.008,0,0,0,0,2.008,5.28,6.163,-1.072,0
2,327,0,0,0.432,0,0.432,16.389,242.67,299.995,0.038,0.009,0,0,0,0,1.824,5.239,6.16,0.037,0
2,328,0,0,0.428,0,0.428,16.351,242.661,299.995,0.038,0.009,0,0,0,0,1.861,5.248,6.161,1.146,0
2,329,0,0,0.496,0,0.496,16.308,242.651,299.995,0.044,0.01,0,0,0,0,1.833,5.241,6.16,0.799,0
2,330,0,0,0.264,0,0.264,16.284,242.646,299.995,0.023,0.005,0,0,0,0,1.511,5.169,6.155,-1.006,0
2,331,27,26.99,0.027,0,0.027,16.295,242.646,299.995,0.002,0.001,0,0,0,0,1.52,5.171,6.155,0.598,1.478
2,332,0,0,0.059,0,0.059,16.29,242.644,299.995,0.005,0.001,0,0,0,0,1.397,5.143,6.154,-0.184,0
2,333,0,0,0.11,0,0.11,16.28,242.642,299.995,0.01,0.002,0,0,0,0,1.093,5.075,6.149,-1.425,0
2,334,0,0,0.305,0,0.305,16.253,242.636,299.995,0.027,0.006,0,0,0,0,0.835,5.017,6.145,-1.509,0
2,335,0,0,0.431,0,0.431,16.215,242.628,299.995,0.038,0.009,0,0,0,0,1.108,5.078,6.149,1.378,0
2,336,0,0,0.527,0,0.527,16.169,242.617,299.995,0.046,0.011,0,0,0,0,1.571,5.182,6.156,2.844,0
2,337,0,0,0.332,0,0.332,16.14,242.61,299.995,0.029,0.007,0,0,0,0,1.887,5.253,6.161,2.521,0
2,338,0,0,0.117,0,0.117,16.13,242.608,299.995,0.01,0.002,0,0,0,0,1.934,5.264,6.162,1.282,0
2,339,5.5,5.49,0.103,0,0.103,16.134,242.606,299.995,0.009,0.002,0,0,0,0,1.862,5.248,6.161,0.625,0.251
2,340,0,0,0.075,0,0.075,16.128,242.605,299.995,0.007,0.001,0,0,0,0,1.381,5.139,6.153,-1.928,0
2,341,0,0,0.195,0,0.195,16.111,242.601,299.995,0.017,0.004,0,0,0,0,0.492,4.939,6.139,-4.963,0
2,342,0.2,0.19,0.144,0,0.144,16.11,242.598,299.995,0.013,0.003,0,0,0,0,-0.183,4.787,6.128,-4.748,0.006
2,343,0,0,0.135,0,0.135,16.099,242.595,299.995,0.012,0.003,0,0,0,0,-0.755,4.659,6.119,-4.942,0
2,344,0,0,0.086,0,0.086,16.091,242.593,299.995,0.007,0.002,0,0,0,0,-1.382,4.517,6.109,-5.96,0
2,345,0,0,0.107,0,0.107,16.082,242.591,299.995,0.009,0.002,0,0,0,0,-2.279,4.316,6.095,-8.336,0
2,346,0,0,0.133,0,0.133,16.07,242.589,299.995,0.012,0.003,0,0,0,0,-2.817,4.195,6.087,-7.262,0
2,347,0,0,0.072,0,0.072,16.064,242.587,299.995,0.006,0.001,0,0,0,0,-3.108,4.129,6.082,-6.422,0
2,348,0,0,0.09,0,0.09,16.056,242.585,299.995,0.008,0.002,0,0,0,0,-2.87,4.183,6.086,-3.585,0
2,349,0,0,0.068,0,0.068,16.051,242.584,299.995,0.006,0.001,0,0,0,0,-2.266,4.319,6.095,-1.09,0
2,350,0,0,0.049,0,0.049,16.046,242.583,299.995,0.004,0.001,0,0,0,0,-1.656,4.456,6.105,-0.332,0
2,351,0,0,0.137,0,0.137,16.035,242.58,299.995,0.012,0.003,0,0,0,0,-1.208,4.556,6.112,-0.572,0
2,352,0,0,0.212,0,0.212,16.016,242.576,299.995,0.018,0.004,0,0,0,0,-1.538,4.482,6.107,-4.715,0
2,353,0,0,0.166,0,0.166,16.002,242.573,299.995,0.014,0.003,0,0,0,0,-1.788,4.426,6.103,-4.631,0
2,354,0.2,0.19,0.251,0,0.251,15.993,242.568,299.995,0.022,0.005,0,0,0,0,-1.37,4.52,6.11,-0.911,0.006
2,355,0,0,0.453,0,0.453,15.954,242.559,299.995,0.039,0.009,0,0,0,0,-0.89,4.628,6.117,-0.035,0
2,356,0,0,0.217,0,0.217,15.935,242.554,299.995,0.019,0.004,0,0,0,0,-0.697,4.671,6.12,-1.179,0
2,357,0,0,0.107,0,0.107,15.926,242.552,299.995,0.009,0.002,0,0,0,0,-0.414,4.735,6.125,-0.408,0
2,358,0,0,0.221,0,0.221,15.907,242.548,299.995,0.019,0.004,0,0,0,0,-0.327,4.755,6.126,-1.25,0
2,359,0,0,0.396,0,0.396,15.873,242.54,299.995,0.034,0.008,0,0,0,0,-0.198,4.784,6.128,-0.89,0
2,360,0,0,0.365,0,0.365,15.842,242.533,299.995,0.031,0.007,0,0,0,0,-0.164,4.791,6.129,-1.309,0
2,361,0,0,0.265,0,0.265,15.819,242.527,299.995,0.023,0.005,0,0,0,0,0.21,4.875,6.135,0.779,0
2,362,0,0,0.164,0,0.164,15.805,242.524,299.995,0.014,0.003,0,0,0,0,0.315,4.899,6.136,-0.385,0
2,363,0,0,0.262,0,0.262,15.783,242.519,299.995,0.022,0.005,0,0,0,0,0.258,4.886,6.135,-1.239,0
2,364,0,0,0.104,0,0.104,15.774,242.517,299.995,0.009,0.002,0,0,0,0,0.153,4.862,6.134,-1.598,0
2,365,0,0,0.099,0,0.099,15.766,242.515,299.995,0.008,0.002,0,0,0,0,0.011,4.83,6.131,-1.941,0
