jday,precip,high,low,avg,0,Hday,0
1,0,-11.8,-18.2,-15.0,0,7.800000126048001,0
2,0,-0.2,-13.1,-6.6499999999999995,0,2.600000042016,0
3,0,2.8,-0.2,1.2999999999999998,0,1.400000022624,0
4,0,1.6,-5.6,-1.9999999999999998,0,1.400000022624,0
5,0,-4.4,-9.3,-6.8500000000000005,0,6.7000001082719995,0
6,0,-5.6,-10.6,-8.1,0,5.700000092112001,0
7,0,-7.6,-13,-10.3,0,4.50000007272,0
8,0,-7.2,-15.4,-11.3,0,7.600000122816001,0
9,0,-7.6,-10.5,-9.05,0,3.8000000614080003,0
10,0,-6.9,-10.9,-8.9,0,7.200000116352,0
11,0,-4.6,-9.8,-7.2,0,3.200000051712,0
12,0,-0.8,-4.7,-2.75,0,2.700000043632,0
13,0,-1.6,-13.1,-7.35,0,5.50000008888,0
14,0,-4.9,-13.8,-9.350000000000001,0,6.200000100192,0
15,0,-7,-18.3,-12.65,0,6.900000111504,0
16,0,-3.5,-19.4,-11.45,0,4.700000075952,0
17,0,-5.5,-17.2,-11.35,0,9.200000148672,0
18,0,-7.2,-21.6,-14.4,0,8.600000138976,0
19,0,-3.8,-21.9,-12.85,0,9.00000014544,0
20,0,0.6,-17.8,-8.6,0,5.600000090496,0
21,0,2,0.1,1.05,0,4.200000067872001,0
22,0,3.1,-3.6,-0.25,0,8.100000130896001,0
23,0,3.2,-2.4,0.40000000000000013,0,4.50000007272,0
24,0,0.2,-10.4,-5.1000000000000005,0,9.600000155136,0
25,0,-6.1,-15.7,-10.899999999999999,0,9.600000155136,0
26,0,3.5,-10.1,-3.3,0,6.900000111504,0
27,0,-1.9,-10.5,-6.2,0,8.00000012928,0
28,0,-0.2,-13.7,-6.949999999999999,0,6.100000098576,0
29,0,-9.2,-17.3,-13.25,0,10.700000172912,0
30,0.2,1.1,-12.9,-5.9,0,9.800000158368,0
31,0,6.2,-2.4,1.9000000000000001,0,7.200000116352,0
32,0,3.5,-6.4,-1.4500000000000002,0,10.500000169680002,0
33,0,0.8,-7.3,-3.25,0,9.800000158368,0
34,0,5.4,-6.3,-0.44999999999999973,0,10.400000168064,0
35,0,6,-6.9,-0.4500000000000002,0,10.900000176144001,0
36,0,1.7,-3.1,-0.7000000000000001,0,9.600000155136,0
37,0,-2.8,-8.3,-5.550000000000001,0,5.900000095344,0
38,0,-0.2,-2.8,-1.5,0,2.900000046864,0
39,0,-0.6,-6.2,-3.4,0,3.700000059792,0
40,1.7999999999999998,-0.4,-4.9,-2.6500000000000004,0,2.700000043632,0
41,0.8,-0.4,-6.8,-3.6,0,3.8000000614080003,0
42,0,-3.7,-6.9,-5.300000000000001,0,5.700000092112001,0
43,0,-3.6,-8.1,-5.85,0,6.600000106656,0
44,0.5,-2.1,-7.9,-5.0,0,7.700000124432,0
45,0,-3.6,-11.3,-7.45,0,9.200000148672,0
46,0,-4.8,-15.2,-10.0,0,10.800000174528,0
47,0,-5.9,-14.6,-10.25,0,11.200000180992,0
48,0,-14.6,-19.9,-17.25,0,13.600000219776001,0
49,0,-10.1,-20.9,-15.5,0,13.600000219776001,0
50,0,-3.9,-19.7,-11.799999999999999,0,13.300000214928,0
51,0,-3.9,-9.4,-6.65,0,6.300000101808,0
52,0,-3.4,-8.1,-5.75,0,6.000000096960001,0
53,0,-6,-8.7,-7.35,0,10.400000168064,0
54,0,-8.3,-19.7,-14.0,0,14.600000235936001,0
55,0,-11.5,-28.4,-19.95,0,15.700000253712002,0
56,0.2,-7.6,-26.8,-17.2,0,13.100000211696,0
57,1.7999999999999998,0.7,-23.5,-11.4,0,15.600000252096002,0
58,0,-3.2,-24.8,-14.0,0,14.900000240784001,0
59,0,-1.1,-18,-9.55,0,15.200000245632001,0
60,0,4.5,-6.3,-0.8999999999999999,0,15.400000248864,0
61,0,2,-5.5,-1.75,0,10.700000172912,0
62,0,2.9,-0.9,1.0,0,10.200000164832002,0
63,0,1.6,-2,-0.19999999999999996,0,12.600000203616,0
64,0,4.7,-7.1,-1.1999999999999997,0,16.300000263408002,0
65,0,5,-4.9,0.04999999999999982,0,16.400000265024,0
66,0,3.7,-1.9,0.9000000000000001,0,11.100000179376,0
67,0,3.2,0,1.6,0,7.700000124432,0
68,0,2.4,-1.9,0.25,0,9.100000147055999,0
69,0.2,-0.4,-3.7,-2.0500000000000003,0,11.500000185840001,0
70,0.2,-1.8,-21.9,-11.85,0,13.800000223008,0
71,0.5,-3.5,-23.9,-13.7,0,17.200000277952,0
72,0,-9.1,-17.9,-13.5,0,19.100000308656,0
73,0,-8.8,-22.2,-15.5,0,19.400000313504002,0
74,0,4,-22.6,-9.3,0,11.500000185840001,0
75,0.5,4.1,-9.6,-2.75,0,4.300000069488,0
76,0,-8,-14.8,-11.4,0,19.600000316736,0
77,0,-1.8,-14,-7.9,0,19.100000308656,0
78,0.2,-1.2,-4.3,-2.75,0,7.900000127664001,0
79,1.5,2,-1.8,0.09999999999999998,0,6.400000103424,0
80,0,4.1,-2,1.0499999999999998,0,11.100000179376,0
81,2.5,0.2,-1.4,-0.6,0,7.800000126048001,0
82,17,0.6,-0.1,0.25,0,3.9000000630240006,0
83,0,3.4,0,1.7,0,8.200000132512,0
84,0,5.6,0.4,3.0,0,7.000000113120001,0
85,0.2,5.5,0.9,3.2,0,5.400000087264,0
86,0.2,2.4,-0.3,1.05,0,5.200000084032,0
87,0,11,-1.7,4.65,0,17.200000277952,0
88,0,15.8,-0.2,7.800000000000001,0,20.500000331280003,0
89,0,16.3,-0.5,7.9,0,15.0000002424,0
90,30.2,7.4,-2.9,2.25,0,2.00000003232,0
91,0,-1.5,-5.5,-3.5,0,13.300000214928,0
92,0.5,0.8,-11.4,-5.3,0,21.700000350672,0
93,0,4.1,-8.7,-2.3,0,22.600000365215998,0
94,0,5,-6,-0.5,0,19.50000031512,0
95,0,4.7,-4,0.3500000000000001,0,8.00000012928,0
96,0,8.1,0,4.05,0,13.000000210080001,0
97,6.3,11.8,2.2,7.0,0,9.900000159984002,0
98,7.9,13.3,7.4,10.350000000000001,0,3.8000000614080003,0
99,0,11.4,2.7,7.050000000000001,0,17.500000282800002,0
100,0,14,-0.8,6.6,0,21.700000350672,0
101,8.6,4.5,0.4,2.45,0,1.9000000307040001,0
102,0,9.3,-1.4,3.95,0,14.600000235936001,0
103,0,10.4,-3.1,3.6500000000000004,0,18.200000294111998,0
104,7.4,3.7,1.5,2.6,0,2.00000003232,0
105,45,2.2,0.1,1.1500000000000001,0,2.300000037168,0
106,1.3,0.9,-1.6,-0.35000000000000003,0,6.200000100192,0
107,0.8,14.5,-3,5.75,0,21.100000340976003,0
108,4.1,14.4,2.5,8.45,0,15.600000252096002,0
109,20.6,9.7,1.2,5.449999999999999,0,2.5000000404000002,0
110,22.400000000000002,8.1,-2.5,2.8,0,19.00000030704,0
111,0,12.4,-3.6,4.4,0,25.200000407232,0
112,0,16,0.5,8.25,0,20.600000332896002,0
113,0,17.9,0.9,9.399999999999999,0,21.400000345824,0
114,0,20,8.8,14.4,0,16.300000263408002,0
115,0,19.2,2.7,10.95,0,20.800000336128,0
116,0,11,-1,5.0,0,25.900000418544,0
117,10.700000000000001,15.9,-0.2,7.8500000000000005,0,6.400000103424,0
118,0,21.6,9.9,15.75,0,22.700000366832,0
119,1.3,20.7,7.9,14.3,0,18.50000029896,0
120,0,18.7,4.4,11.55,0,21.50000034744,0
121,4.3,17.5,7.4,12.45,0,9.50000015352,0
122,7.4,19.9,10.7,15.299999999999999,0,7.3000001179680005,0
123,7.1,18.2,13.7,15.95,0,5.50000008888,0
124,3,19.9,13.5,16.7,0,10.100000163216,0
125,0.2,22.4,12.6,17.5,0,16.50000026664,0
126,0,25.7,8.5,17.1,0,22.5000003636,0
127,1,21.2,14.4,17.8,0,7.600000122816001,0
128,14.7,27.5,14.4,20.95,0,19.300000311888002,0
129,0,28.1,14.7,21.4,0,21.50000034744,0
130,0.2,28.6,14.6,21.6,0,20.300000328048,0
131,0,24.1,14.2,19.15,0,24.500000395920004,0
132,0,24.8,5.2,15.0,0,27.000000436320004,0
133,0,18.8,0.8,9.8,0,27.300000441168,0
134,0,23.6,8.2,15.9,0,15.900000256944,0
135,0,18.1,3.4,10.75,0,26.100000421776,0
136,0,18.5,1.9,10.2,0,25.800000416928,0
137,0,14.4,1,7.7,0,10.300000166448001,0
138,0,15.1,4.5,9.8,0,19.400000313504002,0
139,0,14.5,1,7.75,0,15.900000256944,0
140,0,15.1,5.4,10.25,0,17.800000287648,0
141,0,18.7,5.2,11.95,0,22.800000368448003,0
142,0,22.8,5,13.9,0,19.400000313504002,0
143,0,18.3,13.5,15.9,0,3.0000000484800005,0
144,0,14.8,9.3,12.05,0,6.300000101808,0
145,0,18,7.3,12.65,0,20.000000323200002,0
146,0.5,24.4,5.7,15.049999999999999,0,28.300000457328,0
147,6.3,23,10.7,16.85,0,13.500000218160002,0
148,0,19.4,6.1,12.75,0,12.900000208464,0
149,0,17.6,4.1,10.850000000000001,0,24.500000395920004,0
150,19.8,14.4,8.1,11.25,0,2.5000000404000002,0
151,0,17.5,5,11.25,0,21.000000339360003,0
152,0,16.7,3.1,9.9,0,23.100000373295998,0
153,6.6000000000000005,11.9,8.5,10.2,0,6.000000096960001,0
154,0.2,18.6,9.4,14.0,0,21.900000353904,0
155,6.3,14.8,5.4,10.100000000000001,0,9.900000159984002,0
156,0.2,22.7,4,13.35,0,27.300000441168,0
157,0,22.4,7.6,15.0,0,20.700000334512,0
158,31,16.7,14.2,15.45,0,3.200000051712,0
159,3.5999999999999996,25.4,14.3,19.85,0,18.300000295728,0
160,0,22.2,15.2,18.7,0,22.5000003636,0
161,0,26.1,14.1,20.1,0,22.700000366832,0
162,0.8,26.7,12.6,19.65,0,26.600000429856,0
163,0,26.5,12.6,19.55,0,27.100000437936,0
164,29.700000000000003,26.9,13.4,20.15,0,16.50000026664,0
165,9.399999999999999,24.3,12.5,18.4,0,27.700000447632004,0
166,0,19.4,10,14.7,0,21.900000353904,0
167,2,21,9.5,15.25,0,11.900000192304002,0
168,23.900000000000002,28.6,16.6,22.6,0,10.900000176144001,0
169,4.1,20.1,15,17.55,0,5.50000008888,0
170,6.8999999999999995,26.1,14.6,20.35,0,10.500000169680002,0
171,0,19.8,15.6,17.7,0,10.100000163216,0
172,0,28.3,15.6,21.95,0,28.100000454096,0
173,0,29.5,14.9,22.2,0,28.100000454096,0
174,0,29.8,13.3,21.55,0,26.200000423392,0
175,11.200000000000001,29.2,20,24.6,0,17.400000281184003,0
176,0,25.2,13.7,19.45,0,25.900000418544,0
177,0,27.9,12.5,20.2,0,29.00000046864,0
178,0,24.9,13.5,19.2,0,28.800000465408,0
179,0.8,22.8,11.9,17.35,0,23.300000376528004,0
180,8.100000000000001,23.1,10,16.55,0,23.900000386224,0
181,9.399999999999999,18.8,11.7,15.25,0,10.600000171296001,0
182,0,22.9,14.6,18.75,0,12.800000206848,0
183,0.5,30.2,17.4,23.799999999999997,0,20.700000334512,0
184,15,29.9,15.6,22.75,0,21.300000344208,0
185,5.300000000000001,25.7,20,22.85,0,13.000000210080001,0
186,87.89999999999999,25.8,18.4,22.1,0,5.50000008888,0
187,0.2,27.1,15.7,21.4,0,24.200000391072003,0
188,1,26.1,15.9,21.0,0,15.800000255328001,0
189,2,24.3,17.5,20.9,0,11.600000187456,0
190,21.8,26.9,17.2,22.049999999999997,0,19.400000313504002,0
191,22.1,28.2,14.9,21.55,0,21.800000352288002,0
192,2.3000000000000003,25.6,15.3,20.450000000000003,0,16.00000025856,0
193,0,23,12.4,17.7,0,28.800000465408,0
194,5.6000000000000005,21.5,12.9,17.2,0,8.700000140592001,0
195,0,26.2,13.9,20.05,0,20.700000334512,0
196,0,25.4,12.7,19.049999999999997,0,27.300000441168,0
197,0,26.5,10.7,18.6,0,18.400000297344,0
198,19.6,24.4,18.2,21.299999999999997,0,6.7000001082719995,0
199,1,27.2,18.8,23.0,0,12.100000195536001,0
200,0,27.8,16.3,22.05,0,22.400000361984,0
201,0,23.7,13.1,18.4,0,20.300000328048,0
202,0,24,12,18.0,0,21.700000350672,0
203,0,24.4,9.6,17.0,0,21.300000344208,0
204,0.2,25.2,16.1,20.65,0,10.900000176144001,0
205,0,27.9,18.5,23.2,0,15.400000248864,0
206,28.4,29.6,19.5,24.55,0,18.100000292496,0
207,0,29.6,-53.6,-12.0,0,25.400000410464003,0
208,37.599999999999994,28.4,16.8,22.6,0,14.600000235936001,0
209,0,24.4,18.2,21.299999999999997,0,21.700000350672,0
210,0,25,13.9,19.45,0,20.700000334512,0
211,0,26.2,12.2,19.2,0,26.500000428240003,0
212,1.3,24.6,13.5,19.05,0,11.400000184224002,0
213,0,27.6,15.9,21.75,0,22.5000003636,0
214,0,23.2,13.2,18.2,0,22.400000361984,0
215,0,22.8,11.3,17.05,0,22.800000368448003,0
216,0,20.6,7.7,14.15,0,21.600000349056,0
217,5.6000000000000005,22.1,9.5,15.8,0,15.100000244016002,0
218,0.2,20.4,12.2,16.299999999999997,0,18.200000294111998,0
219,0,22.9,9.6,16.25,0,21.300000344208,0
220,0,25.1,10.9,18.0,0,22.300000360368003,0
221,14.5,24.5,15.4,19.95,0,10.800000174528,0
222,0,29.4,17,23.2,0,24.400000394304,0
223,0,30.9,15.2,23.049999999999997,0,22.700000366832,0
224,0,29.5,16.9,23.2,0,21.50000034744,0
225,0,31,15.9,23.45,0,21.50000034744,0
226,0,29.3,18.1,23.700000000000003,0,16.400000265024,0
227,39.6,26.8,18.7,22.75,0,13.800000223008,0
228,0,28.1,15.9,22.0,0,18.900000305424,0
229,0.2,29.4,18.8,24.1,0,21.600000349056,0
230,0.2,23.8,17.3,20.55,0,5.200000084032,0
231,0,27.2,19,23.1,0,17.00000027472,0
232,0,24,15,19.5,0,16.300000263408002,0
233,0,24.9,10.9,17.9,0,23.200000374912,0
234,0,23.9,14.9,19.4,0,11.100000179376,0
235,6.1,29.4,19.4,24.4,0,17.900000289264,0
236,0,29.6,18.4,24.0,0,22.5000003636,0
237,0,30.6,17.8,24.200000000000003,0,21.50000034744,0
238,0,30.5,21.2,25.85,0,20.300000328048,0
239,0,28.9,17,22.95,0,18.600000300576,0
240,0,24.1,15.9,20.0,0,11.600000187456,0
241,4.6000000000000005,22.2,15.4,18.8,0,7.000000113120001,0
242,8.9,27.1,16.9,22.0,0,10.700000172912,0
243,0,21.5,8.7,15.1,0,21.200000342592002,0
244,0,22.6,6.6,14.600000000000001,0,22.00000035552,0
245,0,24.9,14.8,19.85,0,11.100000179376,0
246,0,21.6,8.8,15.200000000000001,0,17.500000282800002,0
247,0,24.1,6.9,15.5,0,20.400000329664003,0
248,0,18.8,8.3,13.55,0,16.50000026664,0
249,0,20.2,6.9,13.55,0,19.800000319968003,0
250,0,20.2,5.2,12.7,0,16.100000260176003,0
251,0,20.4,6.4,13.399999999999999,0,19.100000308656,0
252,0,22.2,10.3,16.25,0,16.700000269872003,0
253,0,15.6,3.2,9.4,0,19.600000316736,0
254,1.7999999999999998,18.9,1.6,10.25,0,11.900000192304002,0
255,0,26.4,13.1,19.75,0,17.800000287648,0
256,51.3,23.1,19,21.05,0,3.0000000484800005,0
257,14.2,20.4,8.7,14.549999999999999,0,4.100000066256,0
258,0,10.6,6.7,8.65,0,8.200000132512,0
259,0,14.6,4.6,9.6,0,8.600000138976,0
260,0,18.9,3.6,11.25,0,16.50000026664,0
261,1.3,19.1,5.6,12.350000000000001,0,10.200000164832002,0
262,0.2,14.9,4.7,9.8,0,7.700000124432,0
263,5.1,15.9,10.1,13.0,0,1.600000025856,0
264,0,14.2,11.6,12.899999999999999,0,3.4000000549440004,0
265,0.2,20.2,11.5,15.85,0,7.5000001212,0
266,0,16.1,2.1,9.100000000000001,0,17.100000276336,0
267,0,18.1,0.7,9.4,0,17.200000277952,0
268,13.5,13.3,3.1,8.200000000000001,0,2.700000043632,0
269,0,16.6,5.2,10.9,0,9.900000159984002,0
270,0.2,11.8,4.9,8.350000000000001,0,10.400000168064,0
271,2.3000000000000003,12.2,3.5,7.85,0,7.800000126048001,0
272,1.3,10.7,-2,4.35,0,10.200000164832002,0
273,0,15.9,2.4,9.15,0,19.50000031512,0
274,0.5,17.1,5,11.05,0,12.500000202,0
275,0,8.2,-0.6,3.8,0,16.700000269872003,0
276,0,21.2,1.9,11.549999999999999,0,15.400000248864,0
277,0,13.5,-0.6,6.45,0,15.800000255328001,0
278,0.5,16.7,-2.1,7.3,0,15.800000255328001,0
279,1.5,24.6,8.8,16.700000000000003,0,14.000000226240003,0
280,0,27,12.1,19.55,0,14.700000237552,0
281,9.6,14.1,3.1,8.6,0,5.50000008888,0
282,2,6.7,-3.5,1.6,0,12.000000193920002,0
283,0,10.6,-3.4,3.5999999999999996,0,15.50000025048,0
284,0,13.9,-3.1,5.4,0,15.200000245632001,0
285,0,9.9,-3.9,3.0,0,15.100000244016002,0
286,0,11.7,-5.2,3.2499999999999996,0,14.800000239168,0
287,0.2,16.4,0.7,8.549999999999999,0,10.200000164832002,0
288,1.7999999999999998,14.9,3.4,9.15,0,3.0000000484800005,0
289,0.2,16.2,9.9,13.05,0,5.400000087264,0
290,0,12.6,2.9,7.75,0,6.200000100192,0
291,0.5,16.3,-0.6,7.8500000000000005,0,11.300000182607999,0
292,0,16.7,2.9,9.799999999999999,0,10.000000161600001,0
293,8.4,13,2.2,7.6,0,2.5000000404000002,0
294,0,9.7,0.5,5.1,0,13.300000214928,0
295,0,14.7,-2.2,6.25,0,13.200000213312,0
296,0,21.5,0.8,11.15,0,12.700000205232001,0
297,0,20.8,3.4,12.1,0,12.200000197152,0
298,0,20.1,2.4,11.25,0,12.100000195536001,0
299,0,10.9,5,7.95,0,3.9000000630240006,0
300,0,5,-1,2.0,0,3.700000059792,0
301,0,13.2,0.5,6.85,0,7.200000116352,0
302,0,2,-2.1,-0.050000000000000044,0,4.100000066256,0
303,0,4.4,-3.1,0.6500000000000001,0,7.800000126048001,0
304,0,3.8,-4.8,-0.5,0,7.600000122816001,0
305,0,6.1,-7.7,-0.8000000000000003,0,11.500000185840001,0
306,0,5.3,-1.7,1.7999999999999998,0,3.700000059792,0
307,0,12,-3,4.5,0,8.900000143824,0
308,0,11.8,6.6,9.2,0,5.100000082416001,0
309,1.5,8.2,-5.3,1.4499999999999997,0,1.600000025856,0
310,0,-3.1,-7.4,-5.25,0,5.400000087264,0
311,0,4.2,-9.3,-2.5500000000000003,0,8.600000138976,0
312,0,6.8,-4.5,1.15,0,8.100000130896001,0
313,0,7.3,-6.3,0.5,0,10.100000163216,0
314,0.2,7.1,-1.8,2.65,0,8.00000012928,0
315,0,10.8,-4.8,3.0000000000000004,0,9.600000155136,0
316,8.9,8.4,-6.2,1.1,0,5.100000082416001,0
317,0.2,13.4,4.7,9.05,0,2.800000045248,0
318,4.3,5.2,0.3,2.75,0,1.400000022624,0
319,0.5,3.3,-1,1.15,0,2.300000037168,0
320,0,2.2,-0.9,0.6500000000000001,0,1.9000000307040001,0
321,0,8.8,-2.8,3.0000000000000004,0,9.100000147055999,0
322,0.2,5,-3.5,0.75,0,7.200000116352,0
323,0.5,5.7,-5.1,0.30000000000000027,0,7.5000001212,0
324,0,2,-8.3,-3.1500000000000004,0,4.400000071104,0
325,0,10.8,-0.2,5.300000000000001,0,7.100000114736001,0
326,0,7.2,-3,2.1,0,6.300000101808,0
327,0,11.6,0.1,5.85,0,6.500000105040001,0
328,0,1.7,-1,0.35,0,1.00000001616,0
329,9.9,2.5,-0.3,1.1,0,0.50000000808,0
330,9.399999999999999,2.6,-9.2,-3.3,0,2.700000043632,0
331,0,-3.8,-9.2,-6.5,0,4.50000007272,0
332,0.5,-2.9,-9.9,-6.4,0,6.300000101808,0
333,0,-5.3,-7.4,-6.35,0,3.700000059792,0
334,0,-2.4,-7.4,-4.9,0,2.600000042016,0
335,1.3,4.5,-6.7,-1.1,0,7.200000116352,0
336,0.2,5.8,-3.8,1.0,0,7.100000114736001,0
337,0,-0.4,-4.9,-2.6500000000000004,0,2.5000000404000002,0
338,0,2.3,-0.9,0.7,0,1.800000029088,0
339,0,1.9,0,0.95,0,1.200000019392,0
340,1.5,1.6,-6,-2.2,0,3.9000000630240006,0
341,0,0.1,-6.9,-3.4000000000000004,0,3.300000053328,0
342,0,2.2,-2.8,-0.2999999999999998,0,5.0000000808000005,0
343,0,6.7,-1.4,2.6500000000000004,0,4.300000069488,0
344,0,4.3,-8.8,-2.2500000000000004,0,2.300000037168,0
345,0,-1.8,-11.4,-6.6000000000000005,0,7.700000124432,0
346,0,4.2,-5.7,-0.75,0,5.0000000808000005,0
347,0,5.1,0.7,2.9,0,3.0000000484800005,0
348,0.2,4.6,1.2,2.9,0,2.200000035552,0
349,0,6.8,0.2,3.5,0,6.800000109888001,0
350,0,2,0.3,1.15,0,1.400000022624,0
351,4.1,2.6,0.2,1.4000000000000001,0,1.00000001616,0
352,0,1.6,-0.2,0.7000000000000001,0,1.400000022624,0
353,0,0.5,-0.4,0.04999999999999999,0,1.00000001616,0
354,0,0.8,-3.8,-1.5,0,2.1000000339360003,0
355,0,-3.8,-7.1,-5.449999999999999,0,2.800000045248,0
356,0,-4.7,-10.9,-7.800000000000001,0,3.4000000549440004,0
357,0,-6.7,-11.9,-9.3,0,4.200000067872001,0
358,0,-10.7,-15.4,-13.05,0,6.7000001082719995,0
359,0,-11.7,-18.3,-15.0,0,6.900000111504,0
360,0,-14.8,-21.1,-17.950000000000003,0,7.100000114736001,0
361,0,-13.1,-19.1,-16.1,0,6.900000111504,0
362,0,-10.6,-21.6,-16.1,0,7.200000116352,0
363,0,-6.7,-16.2,-11.45,0,5.3000000856480005,0
364,0,-4.8,-18.9,-11.85,0,4.400000071104,0
365,0.2,1.5,-5.4,-1.9500000000000002,0,2.600000042016,0
1,0,2.1,-10.7,-4.3,0,1.800000029088,0
2,0,-7.7,-10.5,-9.1,0,4.00000006464,0
3,0.2,-4.3,-15.9,-10.1,0,5.700000092112001,0
4,0,-5.6,-16.5,-11.05,0,4.200000067872001,0
5,0,-5.9,-19.8,-12.850000000000001,0,3.4000000549440004,0
6,0,-4,-6.7,-5.35,0,3.600000058176,0
7,0,-6.4,-22.4,-14.399999999999999,0,8.300000134128,0
8,0,-13.8,-24.9,-19.35,0,7.200000116352,0
9,0,-11.3,-28.4,-19.85,0,8.200000132512,0
10,0,-0.8,-11.3,-6.050000000000001,0,3.8000000614080003,0
11,0,-1,-15.2,-8.1,0,8.300000134128,0
12,0,-2.3,-12,-7.15,0,5.0000000808000005,0
13,0,-12,-23.4,-17.7,0,5.100000082416001,0
14,0,-21.6,-29.3,-25.450000000000003,0,9.700000156752001,0
15,0,-25.2,-31.9,-28.549999999999997,0,9.600000155136,0
16,0,-16.3,-31.8,-24.05,0,4.400000071104,0
17,0,-16.4,-30.3,-23.35,0,9.700000156752001,0
18,0,-27.3,-34.4,-30.85,0,9.900000159984002,0
19,0,-19,-34.4,-26.7,0,6.200000100192,0
20,0,-18.3,-33.6,-25.950000000000003,0,9.00000014544,0
21,0,-7,-20.2,-13.6,0,8.900000143824,0
22,0.2,-3.4,-13.3,-8.35,0,7.5000001212,0
23,2.3000000000000003,2,-7,-2.5,0,8.00000012928,0
24,0,-2.9,-15.4,-9.15,0,9.100000147055999,0
25,0,-4.7,-10.8,-7.75,0,3.8000000614080003,0
26,0,-7.8,-12.1,-9.95,0,7.5000001212,0
27,0,-2.3,-8.2,-5.25,0,3.5000000565600007,0
28,0,-4.3,-14.1,-9.2,0,5.600000090496,0
29,0,-9.5,-21.1,-15.3,0,7.900000127664001,0
30,0,-12.3,-28.6,-20.450000000000003,0,9.700000156752001,0
31,0,-17,-30.3,-23.65,0,10.700000172912,0
32,0,-14.7,-29.2,-21.95,0,10.300000166448001,0
33,0,-11.3,-23,-17.15,0,7.800000126048001,0
34,0,-11.6,-25.4,-18.5,0,11.900000192304002,0
35,0,-10.4,-20.9,-15.649999999999999,0,12.000000193920002,0
36,0,-8.5,-18.3,-13.4,0,11.400000184224002,0
37,0,-7.5,-20.6,-14.05,0,11.700000189072,0
38,0,-14.9,-22.8,-18.85,0,8.200000132512,0
39,0,-14.8,-20.4,-17.6,0,6.900000111504,0
40,0,-13.6,-29.9,-21.75,0,12.800000206848,0
41,0,-10.3,-29.6,-19.950000000000003,0,11.100000179376,0
42,4.6000000000000005,-5.7,-21.5,-13.6,0,11.100000179376,0
43,0,-5.1,-12.9,-9.0,0,5.200000084032,0
44,0,-4.7,-14.4,-9.55,0,12.300000198768,0
45,1,1.5,-14.6,-6.55,0,12.700000205232001,0
46,0,1.5,-11.9,-5.2,0,13.200000213312,0
47,0,1.7,-16.9,-7.6,0,12.500000202,0
48,0,6.4,-7.1,-0.34999999999999964,0,12.100000195536001,0
49,0,7,-5,1.0,0,10.600000171296001,0
50,10.2,7.7,3.1,5.4,0,3.200000051712,0
51,5.8,3,-3.9,-0.44999999999999996,0,7.900000127664001,0
52,0,2.3,-5.9,-1.8000000000000003,0,13.600000219776001,0
53,0,-3.7,-9.4,-6.550000000000001,0,3.4000000549440004,0
54,0,-7.6,-11.3,-9.45,0,8.50000013736,0
55,0,-6.5,-18.7,-12.6,0,15.0000002424,0
56,0.2,-6.6,-18.1,-12.350000000000001,0,9.100000147055999,0
57,1,-6,-25.6,-15.8,0,15.50000025048,0
58,0.2,-6.9,-27.3,-17.1,0,13.300000214928,0
59,0,-2.6,-15.4,-9.0,0,10.800000174528,0
60,0,-1.4,-15,-8.2,0,11.900000192304002,0
61,0,1.8,-9.4,-3.8000000000000003,0,13.600000219776001,0
62,0,5.8,-6.2,-0.20000000000000018,0,14.400000232704,0
63,0,6.8,-0.4,3.1999999999999997,0,15.900000256944,0
64,0,6.6,-3,1.7999999999999998,0,10.400000168064,0
65,0.2,6.5,-0.4,3.05,0,11.700000189072,0
66,0,4.6,-4.8,-0.10000000000000009,0,16.100000260176003,0
67,0,-1.4,-6.6,-4.0,0,16.100000260176003,0
68,0,0.5,-8.6,-4.05,0,16.700000269872003,0
69,0,0.9,-6,-2.55,0,7.800000126048001,0
70,0,2.8,-8.4,-2.8000000000000003,0,14.300000231088001,0
71,0,7.3,-1.4,2.95,0,10.000000161600001,0
72,0,2.7,-2.8,-0.04999999999999982,0,4.300000069488,0
73,0,11,-2.1,4.45,0,10.000000161600001,0
74,0,4.1,-4.5,-0.20000000000000018,0,11.400000184224002,0
75,0,2,-7,-2.5,0,18.700000302192,0
76,0,1.6,-5.8,-2.0999999999999996,0,9.200000148672,0
77,0,2.5,-4.2,-0.8500000000000001,0,8.300000134128,0
78,0.5,9.5,-5.6,1.9500000000000002,0,14.100000227856002,0
79,2,14.9,0.8,7.8500000000000005,0,14.50000023432,0
80,2.5,11,1.6,6.3,0,16.900000273104002,0
81,0,18.8,0.6,9.700000000000001,0,18.900000305424,0
82,0.2,13.8,-0.6,6.6000000000000005,0,16.00000025856,0
83,0,4.2,0,2.1,0,9.200000148672,0
84,0,6.3,-17.2,-5.449999999999999,0,19.200000310272,0
85,2.3000000000000003,4.7,-10.1,-2.6999999999999997,0,5.800000093728,0
86,0.2,8.8,-1.7,3.5500000000000003,0,14.800000239168,0
87,0,5.1,-3,1.0499999999999998,0,8.300000134128,0
88,0,3.8,-15.8,-6.0,0,13.600000219776001,0
89,0,5.7,-11.6,-2.9499999999999997,0,21.000000339360003,0
90,0,13.6,-4.4,4.6,0,20.400000329664003,0
91,0,18.1,-1.9,8.100000000000001,0,20.800000336128,0
92,0,11.6,-0.5,5.55,0,18.400000297344,0
93,0,9.4,-4.3,2.5500000000000003,0,22.200000358752,0
94,0.2,16.1,-1,7.550000000000001,0,10.700000172912,0
95,1.3,0.6,-5.3,-2.35,0,18.200000294111998,0
96,0,2.9,-6.2,-1.6500000000000001,0,19.100000308656,0
97,0,10,-7.3,1.35,0,22.300000360368003,0
98,0.5,9.2,1,5.1,0,7.000000113120001,0
99,0,16.2,-4.3,5.949999999999999,0,21.400000345824,0
100,0,13.5,-0.3,6.6,0,21.100000340976003,0
101,0,11.5,-0.2,5.65,0,13.100000211696,0
102,15.5,7.1,3.2,5.15,0,1.9000000307040001,0
103,1.5,11.7,4.3,8.0,0,10.300000166448001,0
104,7.6,21.3,2.4,11.85,0,20.900000337744004,0
105,3.8,16.3,7.2,11.75,0,5.3000000856480005,0
106,0,15.1,4.8,9.95,0,21.100000340976003,0
107,0,18.2,3.6,10.9,0,24.500000395920004,0
108,0.2,29,3.6,16.3,0,21.400000345824,0
109,0,18.5,2.3,10.4,0,24.900000402384002,0
110,0,13.1,0.3,6.7,0,14.800000239168,0
111,0,15.9,-0.4,7.75,0,23.600000381376,0
112,0,17.2,-3.6,6.8,0,25.400000410464003,0
113,0,20.7,0,10.35,0,25.100000405616,0
114,0,25.6,13.8,19.700000000000003,0,19.50000031512,0
115,7.4,23.4,11.5,17.45,0,7.800000126048001,0
116,0.2,26.7,11.6,19.15,0,19.700000318352,0
117,0,11.6,1.1,6.35,0,11.00000017776,0
118,1.7999999999999998,4.9,-0.7,2.1,0,2.900000046864,0
119,0,9.5,1.4,5.45,0,18.900000305424,0
120,7.6,3.1,-0.7,1.2000000000000002,0,4.200000067872001,0
121,3.8,13.4,-2.3,5.550000000000001,0,22.100000357136,0
122,0,16.2,0.6,8.4,0,21.700000350672,0
123,0,17.4,2,9.7,0,22.700000366832,0
124,0,18.6,2.3,10.450000000000001,0,18.00000029088,0
125,0,14.3,1,7.65,0,19.200000310272,0
126,0,15,-1.8,6.6,0,24.100000389456,0
127,1.7999999999999998,17.3,3.1,10.200000000000001,0,19.200000310272,0
128,0,18.8,3.7,11.25,0,22.600000365215998,0
129,0,20,4.6,12.3,0,25.300000408848,0
130,0,20.4,2.9,11.649999999999999,0,22.400000361984,0
131,12.4,22.9,7.5,15.2,0,19.300000311888002,0
132,0,19.8,3.1,11.450000000000001,0,24.500000395920004,0
133,0,23,5.4,14.2,0,25.400000410464003,0
134,12.9,19.3,9.9,14.600000000000001,0,9.700000156752001,0
135,0.5,21,8.6,14.8,0,26.300000425008,0
136,0,19.3,4.1,11.7,0,28.300000457328,0
137,0,18.7,1.5,10.1,0,27.600000446016,0
138,0,20.9,2.5,11.7,0,28.500000460560003,0
139,0,23.9,2.6,13.25,0,27.800000449248,0
140,0,26.9,6.4,16.65,0,27.000000436320004,0
141,0,28.3,-50.4,-11.049999999999999,0,26.700000431472002,0
142,0,28.6,-33.5,-2.4499999999999993,0,24.700000399152003,0
143,8.6,27.6,-49.4,-10.899999999999999,0,21.700000350672,0
144,0,19.9,-51.9,-16.0,0,16.900000273104002,0
145,4.3,22,-51.5,-14.75,0,13.800000223008,0
146,0.2,16.2,-48.8,-16.299999999999997,0,25.000000404,0
147,0,18.7,2.1,10.4,0,27.100000437936,0
148,0,26.3,6.8,16.55,0,25.800000416928,0
149,0,26.1,12,19.05,0,19.100000308656,0
150,0,28.6,13.8,21.200000000000003,0,25.300000408848,0
151,0,26.4,14,20.2,0,28.300000457328,0
152,0,20.7,9.2,14.95,0,24.200000391072003,0
153,0,20.9,4.5,12.7,0,28.400000458944003,0
154,0,23.3,4.3,13.8,0,28.300000457328,0
155,0,26.8,7.5,17.15,0,28.000000452480005,0
156,2.5,27.5,11.6,19.55,0,15.200000245632001,0
157,0,28.6,15.5,22.05,0,25.400000410464003,0
158,7.6,18.5,11.9,15.2,0,9.00000014544,0
159,0,19.2,5,12.1,0,28.600000462176002,0
160,0,24.4,3.1,13.75,0,29.200000471872002,0
161,0,24.2,9.8,17.0,0,16.600000268256,0
162,0,26.4,10.3,18.35,0,23.800000384608005,0
163,0,28.8,12.2,20.5,0,27.300000441168,0
164,8.100000000000001,28.4,16.4,22.4,0,19.300000311888002,0
165,0.2,32.8,16.3,24.549999999999997,0,25.700000415312,0
166,0,32.5,22.8,27.65,0,23.900000386224,0
167,0,32.7,19.8,26.25,0,27.600000446016,0
168,0,33.7,18.3,26.0,0,25.700000415312,0
169,16.8,34.8,18.9,26.849999999999998,0,25.500000412080002,0
170,1.5,28.3,19.3,23.8,0,20.600000332896002,0
171,3.8,29.8,19.8,24.8,0,19.900000321584002,0
172,0,28.8,15.6,22.2,0,29.00000046864,0
173,0,29.8,13.1,21.45,0,26.000000420160003,0
174,64.5,21,15.2,18.1,0,3.200000051712,0
175,1.3,24.7,14.8,19.75,0,24.200000391072003,0
176,63.2,27.3,13,20.15,0,24.300000392688002,0
177,2.5,24.8,11.9,18.35,0,24.000000387840004,0
178,0,25.8,12.2,19.0,0,24.700000399152003,0
179,13.5,24.5,17.1,20.8,0,20.000000323200002,0
180,0.5,24.6,15,19.8,0,19.700000318352,0
181,0,27.2,12.4,19.8,0,23.100000373295998,0
182,0,27.2,16.3,21.75,0,24.800000400768,0
183,0,21.7,9.9,15.8,0,26.100000421776,0
184,15.5,24.6,9.4,17.0,0,20.700000334512,0
185,30.2,26.3,16.6,21.450000000000003,0,10.300000166448001,0
186,0,31,17.9,24.45,0,22.300000360368003,0
187,5.300000000000001,32,20,26.0,0,19.600000316736,0
188,10.9,29.4,18.5,23.95,0,16.600000268256,0
189,0.2,25.3,16.3,20.8,0,14.300000231088001,0
190,0.8,20.9,11.9,16.4,0,11.100000179376,0
191,0,22.9,9,15.95,0,27.900000450864002,0
192,2.3000000000000003,28.3,13.1,20.7,0,22.300000360368003,0
193,0,22.38569,14.00134,18.193515,0,17.930900288232003,0
194,0,20.00641,8.31462,14.160515,0,20.037900325712002,0
195,12.5,20,12.8,16.4,0,9.100000147055999,0
196,0,26.4,14.9,20.65,0,25.700000415312,0
197,0.5,25.2,13.1,19.15,0,11.700000189072,0
198,0.2,26.9,14.4,20.65,0,23.300000376528004,0
199,0,27.8,13.9,20.85,0,24.100000389456,0
200,20.5,28.8,18.2,23.5,0,17.200000277952,0
201,3.8,27.1,17.5,22.3,0,19.200000310272,0
202,7,25.5,15.8,20.65,0,14.300000231088001,0
203,0,25.9,16.1,21.0,0,19.600000316736,0
204,0,27,15.6,21.3,0,24.800000400768,0
205,20.8,26,12.7,19.35,0,24.200000391072003,0
206,0.2,23.2,11.5,17.35,0,26.400000426624,0
207,0,20.3,10.9,15.600000000000001,0,15.0000002424,0
208,0,23,9.6,16.3,0,21.50000034744,0
209,0.2,24.9,9,16.95,0,24.200000391072003,0
210,0,25.5,11.1,18.3,0,18.900000305424,0
211,0,25.1,13.3,19.200000000000003,0,19.50000031512,0
212,2.2,28.1,13.4,20.75,0,20.900000337744004,0
213,3,28,15.6,21.8,0,19.600000316736,0
214,0.2,25.6,14.4,20.0,0,21.100000340976003,0
215,18.799999999999997,26.4,14,20.2,0,10.200000164832002,0
216,1,24.5,9.6,17.05,0,14.100000227856002,0
217,0,20.3,5.7,13.0,0,25.000000404,0
218,0,21.1,8.1,14.600000000000001,0,21.400000345824,0
219,0,24.2,8,16.1,0,21.900000353904,0
220,0,23.3,11.5,17.4,0,13.100000211696,0
221,0,16.2,8.2,12.2,0,9.800000158368,0
222,31,13.6,11.4,12.5,0,2.800000045248,0
223,0,18.6,11,14.8,0,5.600000090496,0
224,0.2,19.5,9.8,14.65,0,6.400000103424,0
225,0,26.4,14.1,20.25,0,16.200000261792002,0
226,0,20.9,8.5,14.7,0,22.00000035552,0
227,0,24.3,8.9,16.6,0,22.600000365215998,0
228,0,24.6,8.6,16.6,0,22.200000358752,0
229,0,26.6,11.1,18.85,0,18.700000302192,0
230,16.8,25,15.2,20.1,0,11.200000180992,0
231,17,24.2,13.6,18.9,0,7.000000113120001,0
232,0,20.8,14.5,17.65,0,9.600000155136,0
233,0,23.6,11.5,17.55,0,20.900000337744004,0
234,0,25.1,10.6,17.85,0,19.300000311888002,0
235,0,25.2,11.8,18.5,0,18.50000029896,0
236,0,29.1,16.4,22.75,0,21.300000344208,0
237,0.8,30.5,15.2,22.85,0,16.00000025856,0
238,0.8,27.4,17,22.2,0,19.400000313504002,0
239,0,28.1,17.1,22.6,0,14.000000226240003,0
240,0,26.5,11.4,18.95,0,18.700000302192,0
241,0,23.4,8.1,15.75,0,20.900000337744004,0
242,3.8,18.1,11.8,14.950000000000001,0,4.600000074336,0
243,1.5,17.7,6.8,12.25,0,9.00000014544,0
244,0,19.5,4.8,12.15,0,15.100000244016002,0
245,0.2,17.4,11.8,14.6,0,7.3000001179680005,0
246,2.8000000000000003,19,10.5,14.75,0,7.900000127664001,0
247,0,16.1,10.7,13.4,0,5.400000087264,0
248,0.2,19.9,13.4,16.65,0,5.0000000808000005,0
249,0,22.8,8.7,15.75,0,20.300000328048,0
250,0.5,23.7,6.3,15.0,0,20.200000326432,0
251,3,24.6,12.2,18.4,0,15.200000245632001,0
252,18,25.8,10.2,18.0,0,15.100000244016002,0
253,0.2,28.8,15.6,22.2,0,17.700000286032,0
254,0,27.9,14,20.95,0,17.500000282800002,0
255,0,27,13.6,20.3,0,14.800000239168,0
256,8.8,29,17.9,23.45,0,17.500000282800002,0
257,11.5,26.9,18.6,22.75,0,13.000000210080001,0
258,10,29.6,20.7,25.15,0,17.600000284416,0
259,1.7999999999999998,23.4,15,19.2,0,14.100000227856002,0
260,0,22.8,11.2,17.0,0,15.900000256944,0
261,0,25.6,8.2,16.9,0,17.600000284416,0
262,0,26.1,9.3,17.700000000000003,0,18.300000295728,0
263,0,25.9,10.3,18.1,0,14.000000226240003,0
264,0,25.8,14.3,20.05,0,15.600000252096002,0
265,12.2,20,14.1,17.05,0,3.0000000484800005,0
266,3.2,22.3,13.2,17.75,0,8.00000012928,0
267,11,22.6,14.9,18.75,0,8.100000130896001,0
268,15,21.4,11.1,16.25,0,13.200000213312,0
269,12,11.1,8.4,9.75,0,2.900000046864,0
270,0,12,8,10.0,0,4.600000074336,0
271,0,16.6,4.8,10.700000000000001,0,11.400000184224002,0
272,0,19.3,2.8,11.05,0,16.300000263408002,0
273,0,21.7,5.8,13.75,0,9.700000156752001,0
274,0.2,16.2,6.1,11.149999999999999,0,10.700000172912,0
275,0,11.6,7.1,9.35,0,4.600000074336,0
276,2.2,17.3,8,12.65,0,12.300000198768,0
277,0.2,12.8,4.6,8.7,0,7.900000127664001,0
278,0,15.7,2,8.85,0,8.300000134128,0
279,0,21.2,8,14.6,0,10.500000169680002,0
280,3.8,23.8,12.9,18.35,0,9.900000159984002,0
281,3.5,13.1,4.2,8.65,0,3.9000000630240006,0
282,0.2,11.8,0.1,5.95,0,14.100000227856002,0
283,0,14,-2.5,5.75,0,15.200000245632001,0
284,0,16.2,-2,7.1,0,14.700000237552,0
285,0,19.1,-1.9,8.600000000000001,0,14.50000023432,0
286,0,18.7,-0.3,9.2,0,11.900000192304002,0
287,0,18.7,3.3,11.0,0,11.300000182607999,0
288,0,17.9,9.2,13.549999999999999,0,7.900000127664001,0
289,0,21.5,11.6,16.55,0,8.700000140592001,0
290,4.5,20.5,14.4,17.45,0,3.4000000549440004,0
291,0,20.3,12.2,16.25,0,4.00000006464,0
292,0,18,7.1,12.55,0,12.200000197152,0
293,0,16.9,2.1,9.5,0,11.600000187456,0
294,0,20.4,0.8,10.6,0,10.900000176144001,0
295,7.199999999999999,20.9,3.9,12.399999999999999,0,10.600000171296001,0
296,0,13.1,1.9,7.5,0,11.600000187456,0
297,0,6.2,1.8,4.0,0,4.800000077568,0
298,0,5.8,2.4,4.1,0,4.400000071104,0
299,0,8.6,-0.6,4.0,0,8.600000138976,0
300,0,15.2,-1.1,7.05,0,11.900000192304002,0
301,0,16,6.5,11.25,0,5.0000000808000005,0
302,0,16,-0.4,7.8,0,7.5000001212,0
303,0,14.6,-0.6,7.0,0,7.600000122816001,0
304,0,10,0.2,5.1,0,2.900000046864,0
305,0,10.6,-1.5,4.55,0,11.400000184224002,0
306,0,13.9,3.8,8.85,0,8.200000132512,0
307,0.5,15.1,8.8,11.95,0,2.900000046864,0
308,2.5,8.9,5.8,7.35,0,1.300000021008,0
309,16.8,8,5.4,6.7,0,1.600000025856,0
310,0.5,10.6,-2.2,4.199999999999999,0,9.50000015352,0
311,0,13.6,-0.8,6.3999999999999995,0,9.600000155136,0
312,1.5,12.6,6.2,9.4,0,3.600000058176,0
313,1.5,8.7,-3.1,2.8,0,3.700000059792,0
314,0.2,10.6,-4.5,3.05,0,10.100000163216,0
315,0,10.6,-3.2,3.6999999999999997,0,9.600000155136,0
316,0,7.6,1.6,4.6,0,2.1000000339360003,0
317,8,13.9,6.7,10.3,0,1.300000021008,0
318,0,14,-0.1,6.95,0,6.400000103424,0
319,0,8.1,-4.2,1.9499999999999997,0,9.50000015352,0
320,0,9,-5.3,1.85,0,9.200000148672,0
321,0.2,7.5,0,3.75,0,2.700000043632,0
322,0,8.6,-2,3.3,0,9.00000014544,0
323,0,4.3,-6.2,-0.9500000000000002,0,7.800000126048001,0
324,6,8.5,1.3,4.9,0,1.400000022624,0
325,3.8,8.8,-3.6,2.6000000000000005,0,3.0000000484800005,0
326,0,2.2,-6.7,-2.25,0,9.100000147055999,0
327,0,4.8,-4,0.3999999999999999,0,8.700000140592001,0
328,0,7.6,-3,2.3,0,7.100000114736001,0
329,0,6.6,-4.4,1.0999999999999996,0,8.600000138976,0
330,0,2.4,-7.4,-2.5,0,6.000000096960001,0
331,27,6.8,-1,2.9,0,0.50000000808,0
332,0,0.9,-2.7,-0.9000000000000001,0,2.00000003232,0
333,0,-1.6,-5.4,-3.5,0,4.300000069488,0
334,0,1.8,-6.8,-2.5,0,7.400000119584,0
335,0,8.8,-2,3.4000000000000004,0,6.7000001082719995,0
336,0,10.3,-0.2,5.050000000000001,0,7.700000124432,0
337,0,12.1,-1.8,5.1499999999999995,0,4.200000067872001,0
338,0,8,-2.6,2.7,0,1.9000000307040001,0
339,5.5,6.6,-4,1.2999999999999998,0,1.800000029088,0
340,0,-3.9,-6.6,-5.25,0,4.00000006464,0
341,0,-2.3,-16.8,-9.55,0,6.800000109888001,0
342,0.2,-2.1,-16.5,-9.3,0,4.900000079184,0
343,0,-2.6,-17.1,-9.850000000000001,0,4.900000079184,0
344,0,-6.6,-17.6,-12.100000000000001,0,5.0000000808000005,0
345,0,-7.6,-19.8,-13.7,0,8.200000132512,0
346,0,-5.7,-18,-11.85,0,7.000000113120001,0
347,0,-8.4,-15.9,-12.15,0,5.100000082416001,0
348,0,-2.9,-10.9,-6.9,0,3.200000051712,0
349,0,0.1,-2.9,-1.4,0,2.600000042016,0
350,0,0.6,-1.5,-0.45,0,2.1000000339360003,0
351,0,0.6,-3.1,-1.25,0,4.700000075952,0
352,0,-1.3,-17.6,-9.450000000000001,0,6.900000111504,0
353,0,-1.2,-16.6,-8.9,0,5.200000084032,0
354,0.2,2.9,-3.4,-0.25,0,6.200000100192,0
355,0,8.3,-7.8,0.25000000000000044,0,6.800000109888001,0
356,0,2.4,-8,-2.8,0,4.900000079184,0
357,0,1.2,-2.3,-0.5499999999999999,0,3.600000058176,0
358,0,1,-6.2,-2.6,0,5.900000095344,0
359,0,4.3,-6.9,-1.3000000000000003,0,7.800000126048001,0
360,0,4.4,-9.1,-2.3499999999999996,0,7.000000113120001,0
361,0,4.5,-0.3,2.1,0,6.600000106656,0
362,0,2.5,-5.2,-1.35,0,3.9000000630240006,0
363,0,1.2,-6,-2.4,0,6.900000111504,0
364,0,-0.6,-7.1,-3.8499999999999996,0,3.200000051712,0
365,0,-1.8,-7.2,-4.5,0,3.5000000565600007,0
1,0,-7.2,-13.5,-10.35,0,6.000000096960001,0
2,0,-7.3,-16.2,-11.75,0,7.700000124432,0
3,0,-11,-18.3,-14.65,0,8.100000130896001,0
4,0,-16.2,-21.5,-18.85,0,8.400000135744001,0
5,0,-7.1,-19.8,-13.45,0,8.400000135744001,0
6,0,-5.1,-9.4,-7.25,0,3.8000000614080003,0
7,0,-8.9,-22.5,-15.7,0,8.700000140592001,0
8,0,-11.1,-20.4,-15.75,0,8.800000142208,0
9,0.2,-8.6,-23.6,-16.1,0,6.500000105040001,0
10,0,-2.4,-11.5,-6.95,0,6.600000106656,0
11,4,1.4,-3.3,-0.95,0,4.50000007272,0
12,1,2.3,-0.3,0.9999999999999999,0,2.900000046864,0
13,0,0.9,-0.6,0.15000000000000002,0,2.700000043632,0
14,6.5,1.4,-1.8,-0.20000000000000007,0,2.900000046864,0
15,2.2,-1.2,-7.8,-4.5,0,3.9000000630240006,0
16,1.5,-0.5,-8,-4.25,0,2.1000000339360003,0
17,1.2,2.2,-3.4,-0.5999999999999999,0,1.7000000274720002,0
18,0,-1.1,-8.2,-4.6499999999999995,0,8.700000140592001,0
19,0,-3.3,-4.5,-3.9,0,2.00000003232,0
20,0,-3.6,-5.9,-4.75,0,5.100000082416001,0
21,0,-5.8,-8,-6.9,0,5.200000084032,0
22,0,-5.8,-12.7,-9.25,0,5.400000087264,0
23,0,-5.6,-15,-10.3,0,8.300000134128,0
24,0.2,-7,-18.9,-12.95,0,10.300000166448001,0
25,1,-3.1,-16,-9.55,0,9.700000156752001,0
26,0,-3.7,-18.8,-11.25,0,10.700000172912,0
27,0,-2,-16.9,-9.45,0,7.600000122816001,0
28,0,-2.6,-15.3,-8.950000000000001,0,10.400000168064,0
29,0,-0.1,-16.3,-8.200000000000001,0,9.700000156752001,0
30,0,-2,-9.1,-5.55,0,8.900000143824,0
31,0,3.3,-7.4,-2.0500000000000003,0,8.700000140592001,0
32,0,1,-3.5,-1.25,0,6.000000096960001,0
33,0,-1.2,-4.5,-2.85,0,6.7000001082719995,0
34,0,-0.2,-5.5,-2.85,0,4.00000006464,0
35,0,-5.4,-15.8,-10.600000000000001,0,10.500000169680002,0
36,0,-12.2,-19.5,-15.85,0,12.100000195536001,0
37,0,-9.4,-20.8,-15.100000000000001,0,12.100000195536001,0
38,0,-10.1,-16.1,-13.100000000000001,0,10.200000164832002,0
39,0,-7.4,-18.5,-12.95,0,11.900000192304002,0
40,0,0.6,-8.1,-3.75,0,9.200000148672,0
41,0,1.8,-15.5,-6.85,0,11.600000187456,0
42,0,-15.1,-22.6,-18.85,0,12.100000195536001,0
43,0,-10.4,-23,-16.7,0,13.200000213312,0
44,0,-10.9,-19.1,-15.0,0,13.400000216543999,0
45,0,-4.4,-20.8,-12.600000000000001,0,11.100000179376,0
46,0.2,-0.8,-8.5,-4.65,0,3.9000000630240006,0
47,0,-3.5,-17,-10.25,0,13.300000214928,0
48,0,3,-13.7,-5.35,0,11.400000184224002,0
49,0,5.4,-4.5,0.4500000000000002,0,12.100000195536001,0
50,1.2,3.1,-1.7,0.7000000000000001,0,9.50000015352,0
51,128.2,5.1,-4.5,0.2999999999999998,0,7.100000114736001,0
52,1,-3.5,-7.8,-5.65,0,8.600000138976,0
53,0.5,6,-5,0.5,0,12.500000202,0
54,7.800000000000001,4,-2.5,0.75,0,8.600000138976,0
55,0,1.4,-6.3,-2.45,0,13.100000211696,0
56,0,1,-6.6,-2.8,0,4.200000067872001,0
57,0,-3.6,-6.1,-4.85,0,2.800000045248,0
58,0,1.3,-4.5,-1.6,0,9.800000158368,0
59,0.2,0,-12.8,-6.4,0,14.600000235936001,0
60,0,-8.5,-15.6,-12.05,0,16.300000263408002,0
61,0,-6,-17.7,-11.85,0,16.50000026664,0
62,0,1.1,-13.8,-6.3500000000000005,0,16.600000268256,0
63,0,3.7,-10.4,-3.35,0,14.50000023432,0
64,0,-0.2,-4.2,-2.2,0,6.000000096960001,0
65,0,-2.9,-7.1,-5.0,0,8.200000132512,0
66,0,-2.7,-8.2,-5.449999999999999,0,11.800000190688,0
67,0,-5.5,-17.3,-11.4,0,15.800000255328001,0
68,0,-3.5,-20.8,-12.15,0,18.00000029088,0
69,0,6.3,-3.8,1.25,0,17.100000276336,0
70,0,13.6,0.8,7.2,0,18.100000292496,0
71,0,18,2.5,10.25,0,17.00000027472,0
72,0.8,19.2,7.9,13.55,0,13.400000216543999,0
73,2.2,21.9,3.7,12.799999999999999,0,15.100000244016002,0
74,1,19.5,3.1,11.3,0,18.00000029088,0
75,7.199999999999999,18.6,-0.3,9.15,0,18.700000302192,0
76,0.2,9.5,0.2,4.85,0,11.300000182607999,0
77,1,9.8,-1.7,4.050000000000001,0,9.800000158368,0
78,0.8,6.3,1.5,3.9,0,5.3000000856480005,0
79,0.5,4.9,0.4,2.6500000000000004,0,1.600000025856,0
80,0.8,7.8,-2,2.9,0,8.900000143824,0
81,0,9.9,-2.4,3.75,0,19.400000313504002,0
82,1,5.6,-3.4,1.0999999999999999,0,9.200000148672,0
83,0,11.1,-4.6,3.25,0,21.50000034744,0
84,0,14,-2.2,5.9,0,14.400000232704,0
85,0.5,8.5,1.4,4.95,0,5.50000008888,0
86,5.8,5.8,0.1,2.9499999999999997,0,3.8000000614080003,0
87,3,1.9,0.1,1.0,0,7.200000116352,0
88,0.5,5.9,-0.6,2.6500000000000004,0,7.900000127664001,0
89,0,4.7,-2.8,0.9500000000000002,0,9.50000015352,0
90,0,2.9,-2.5,0.19999999999999996,0,7.800000126048001,0
91,0,6.8,-3.7,1.5499999999999998,0,14.900000240784001,0
92,0.2,11.8,-4.7,3.5500000000000003,0,20.200000326432,0
93,0,17.9,-4.2,6.85,0,19.800000319968003,0
94,0,-3.1,-11.4,-7.25,0,23.800000384608005,0
95,0,6.1,-10.6,-2.25,0,15.50000025048,0
96,0,12.7,-1,5.85,0,22.800000368448003,0
97,13.799999999999999,7.3,-3,2.15,0,7.5000001212,0
98,5.2,5.4,0.3,2.85,0,4.900000079184,0
99,1.7999999999999998,4,-2.9,0.55,0,15.400000248864,0
100,15.2,2.3,-1.2,0.5499999999999999,0,4.00000006464,0
101,14.5,10.5,1.4,5.95,0,5.700000092112001,0
102,0.5,4.4,0.8,2.6,0,8.900000143824,0
103,0.2,15.1,-0.8,7.1499999999999995,0,25.100000405616,0
104,0,13.7,-2.5,5.6,0,24.700000399152003,0
105,0,11.5,2.2,6.85,0,10.600000171296001,0
106,7.199999999999999,14,-0.2,6.9,0,13.600000219776001,0
107,0,15.8,1.7,8.75,0,17.300000279568,0
108,21.8,19.5,5.2,12.35,0,9.300000150288,0
109,0,12.8,2.5,7.65,0,16.200000261792002,0
110,0.8,6.3,2.5,4.4,0,6.800000109888001,0
111,5.5,5.2,3.6,4.4,0,4.100000066256,0
112,0,15.6,0,7.8,0,22.700000366832,0
113,0,13.1,-1.2,5.95,0,20.700000334512,0
114,0.5,13.7,0.6,7.1499999999999995,0,10.700000172912,0
115,0,12.9,-1.5,5.7,0,18.00000029088,0
116,11,12.3,4.3,8.3,0,6.300000101808,0
117,6.2,11.2,3,7.1,0,10.100000163216,0
118,0,17,1.1,9.05,0,20.100000324816,0
119,0,12.1,6,9.05,0,8.100000130896001,0
120,0,11.7,0.9,6.3,0,14.50000023432,0
121,0,12.4,-0.8,5.8,0,13.600000219776001,0
122,0,15,2.6,8.8,0,17.900000289264,0
123,0,18.1,1.4,9.75,0,17.100000276336,0
124,0,15.3,2.6,8.950000000000001,0,11.900000192304002,0
125,0,19.6,2.7,11.15,0,23.800000384608005,0
126,0,22,1,11.5,0,26.000000420160003,0
127,0,23.9,9.1,16.5,0,20.600000332896002,0
128,30.8,15.5,6.1,10.8,0,2.400000038784,0
129,13.5,14.8,5.3,10.05,0,8.700000140592001,0
130,9.200000000000001,10,6.8,8.4,0,3.9000000630240006,0
131,0,20.4,7.6,14.0,0,26.300000425008,0
132,0,21.7,6.6,14.149999999999999,0,26.900000434704,0
133,13.5,17.6,12.3,14.950000000000001,0,2.200000035552,0
134,0,18.5,8.2,13.35,0,18.00000029088,0
135,0,22.8,6.3,14.55,0,28.000000452480005,0
136,42.199999999999996,26.5,9.7,18.1,0,17.300000279568,0
137,0,17.9,6.4,12.149999999999999,0,28.900000467024004,0
138,0,18.7,6.3,12.5,0,20.100000324816,0
139,0,23.1,8.2,15.65,0,29.600000478336,0
140,0,20,9.4,14.7,0,29.100000470256003,0
141,0,19.8,7,13.4,0,29.400000475104,0
142,0,24.6,4.9,14.75,0,26.600000429856,0
143,9.8,17.7,8.1,12.899999999999999,0,4.200000067872001,0
144,0,16.9,5.7,11.299999999999999,0,15.600000252096002,0
145,0,19.8,4.8,12.3,0,28.300000457328,0
146,0,21.3,5.1,13.2,0,27.500000444400005,0
147,49.800000000000004,15.5,10.2,12.85,0,5.400000087264,0
148,4.2,21.6,10.4,16.0,0,12.900000208464,0
149,0.2,19.5,9.8,14.65,0,14.900000240784001,0
150,0,25.8,9.6,17.7,0,29.800000481568002,0
151,0,26.7,9.5,18.1,0,27.200000439552003,0
152,0,26.4,14.1,20.25,0,19.400000313504002,0
153,0,24.4,13.5,18.95,0,19.900000321584002,0
154,0,27.2,13.2,20.2,0,28.200000455712004,0
155,0,27.6,13.3,20.450000000000003,0,25.600000413696,0
156,0,27.3,14,20.65,0,27.600000446016,0
157,6,28.9,15.6,22.25,0,21.400000345824,0
158,8.2,29.2,8.3,18.75,0,26.000000420160003,0
159,0,25.192,24.05853,24.625265,0,21.633550351368,0
160,0,19,10.2,14.6,0,15.900000256944,0
161,0.2,25.4,11.6,18.5,0,20.800000336128,0
162,0,21.7,11.5,16.6,0,27.100000437936,0
163,0,23.6,8.2,15.9,0,28.000000452480005,0
164,0,26.6,10.4,18.5,0,27.800000449248,0
165,1.3,28.3,17,22.65,0,15.300000247248,0
166,0,29.4,13.7,21.549999999999997,0,26.500000428240003,0
167,0,29.9,15.3,22.6,0,24.800000400768,0
168,0,30.8,17.2,24.0,0,21.800000352288002,0
169,0,31.7,19.7,25.7,0,25.100000405616,0
170,0,32,20.5,26.25,0,25.900000418544,0
171,0,33,18.1,25.55,0,25.700000415312,0
172,0,32.5,18.8,25.65,0,25.600000413696,0
173,0,32.1,15,23.55,0,24.000000387840004,0
174,0,32.7,17.4,25.05,0,23.400000378144,0
175,0,32.3,16.1,24.2,0,25.300000408848,0
176,0,29.4,14.2,21.799999999999997,0,20.300000328048,0
177,26.9,26.8,17,21.9,0,12.600000203616,0
178,0.2,25.8,17.7,21.75,0,12.700000205232001,0
179,0,26.4,16.4,21.4,0,12.200000197152,0
180,0,28.2,17.4,22.799999999999997,0,13.100000211696,0
181,0,22.7,13.1,17.9,0,15.600000252096002,0
182,0,20.7,8.5,14.6,0,18.200000294111998,0
183,0,22.8,7,14.9,0,18.300000295728,0
184,0,26.2,11.7,18.95,0,16.200000261792002,0
185,21.8,24.3,16.7,20.5,0,9.100000147055999,0
186,9.399999999999999,26.2,17.4,21.799999999999997,0,16.400000265024,0
187,2.5,18.8,14.5,16.65,0,6.200000100192,0
188,0,23.1,11.8,17.450000000000003,0,26.400000426624,0
189,0,25.1,9.9,17.5,0,21.700000350672,0
190,0,26.6,15.7,21.15,0,25.100000405616,0
191,2,28.5,15.7,22.1,0,24.600000397536,0
192,0,31.5,15.9,23.7,0,26.800000433087998,0
193,0,32.4,18.2,25.299999999999997,0,24.200000391072003,0
194,0,36.9,23.9,30.4,0,28.100000454096,0
195,0,35,23.5,29.25,0,26.500000428240003,0
196,5.1,32.4,20.8,26.6,0,24.800000400768,0
197,0,27.5,18,22.75,0,19.800000319968003,0
198,0,26.1,17.1,21.6,0,26.200000423392,0
199,0,26.3,14.8,20.55,0,26.100000421776,0
200,16.5,26.1,12.4,19.25,0,15.600000252096002,0
201,0.2,26.8,15.1,20.95,0,23.900000386224,0
202,0,28,13,20.5,0,27.500000444400005,0
203,7.6,27.9,18.3,23.1,0,13.400000216543999,0
204,0,28.1,16.4,22.25,0,25.300000408848,0
205,1,28.9,16.1,22.5,0,24.500000395920004,0
206,14.5,30.7,17,23.85,0,23.500000379760003,0
207,0.2,28.3,17.5,22.9,0,21.200000342592002,0
208,0.5,28.1,16.8,22.450000000000003,0,14.50000023432,0
209,0.2,29.9,19.3,24.6,0,26.900000434704,0
210,0,30.3,16.4,23.35,0,27.900000450864002,0
211,0,32.5,16.6,24.55,0,26.800000433087998,0
212,34.300000000000004,31.4,19.3,25.35,0,18.300000295728,0
213,0.5,21.1,15.5,18.3,0,6.800000109888001,0
214,0.8,23.1,16.6,19.85,0,4.800000077568,0
215,0,28.7,20.5,24.6,0,12.500000202,0
216,3,30.1,18.2,24.15,0,16.400000265024,0
217,0,28.6,16.9,22.75,0,22.900000370064,0
218,0,28.6,15.9,22.25,0,19.300000311888002,0
219,0,29.4,19.9,24.65,0,17.700000286032,0
220,0.2,29.9,19.7,24.799999999999997,0,18.800000303808,0
221,12.2,27.4,20.6,24.0,0,6.500000105040001,0
222,0,29.8,21.5,25.65,0,14.900000240784001,0
223,0,32.6,19.8,26.200000000000003,0,22.300000360368003,0
224,0,34.5,22.1,28.3,0,20.700000334512,0
225,2.8000000000000003,32.8,22.1,27.45,0,22.800000368448003,0
226,3,30.6,17.8,24.200000000000003,0,20.600000332896002,0
227,0,27.8,17.7,22.75,0,14.000000226240003,0
228,26.400000000000002,29.3,21.1,25.200000000000003,0,8.800000142208,0
229,0.2,30,20.5,25.25,0,18.400000297344,0
230,0,29,21.2,25.1,0,14.400000232704,0
231,15,26.8,15.1,20.95,0,12.900000208464,0
232,0,25.9,13.2,19.549999999999997,0,24.900000402384002,0
233,0,29.4,14.6,22.0,0,25.400000410464003,0
234,0,28.7,13.6,21.15,0,24.600000397536,0
235,0,29.9,16.9,23.4,0,21.800000352288002,0
236,0,22.8,17.6,20.200000000000003,0,10.300000166448001,0
237,0,29.1,17.6,23.35,0,17.800000287648,0
238,0,30.1,17.2,23.65,0,19.600000316736,0
239,0,26.1,19.6,22.85,0,7.100000114736001,0
240,25.9,28.7,19.4,24.049999999999997,0,10.800000174528,0
241,2,28,19.4,23.7,0,13.000000210080001,0
242,6.8999999999999995,30.5,20.5,25.5,0,21.100000340976003,0
243,0,25.1,13.5,19.3,0,22.200000358752,0
244,0,23.8,11.3,17.55,0,23.200000374912,0
245,0,25.9,11.7,18.799999999999997,0,21.900000353904,0
246,0,27.8,13,20.4,0,19.600000316736,0
247,0,28.6,12.6,20.6,0,21.50000034744,0
248,0,29.3,12.7,21.0,0,19.800000319968003,0
249,0,24.1,18.6,21.35,0,8.800000142208,0
250,3.5999999999999996,19.9,4.5,12.2,0,7.600000122816001,0
251,0,17.2,3.5,10.35,0,21.400000345824,0
252,0,19.9,2.3,11.1,0,22.100000357136,0
253,0,19.4,4.6,12.0,0,20.800000336128,0
254,0,22.1,2.6,12.350000000000001,0,20.800000336128,0
255,0,22.5,7.4,14.95,0,13.000000210080001,0
256,0,27.4,12,19.7,0,19.50000031512,0
257,0,19.8,6.6,13.2,0,21.200000342592002,0
258,0,23.1,3.7,13.4,0,19.900000321584002,0
259,1,26.2,10.8,18.5,0,12.300000198768,0
260,0,17.3,3.1,10.200000000000001,0,20.200000326432,0
261,0,17.1,4.3,10.700000000000001,0,11.100000179376,0
262,22.9,12.5,11.3,11.9,0,1.7000000274720002,0
263,3.8,12.2,6.5,9.35,0,6.400000103424,0
264,0.8,8.9,1.1,5.0,0,4.50000007272,0
265,0.2,9.6,-2.4,3.5999999999999996,0,16.800000271488003,0
266,0,13.4,-3,5.2,0,17.900000289264,0
267,0,14.6,-2,6.3,0,10.400000168064,0
268,0.2,16.1,7.8,11.950000000000001,0,12.800000206848,0
269,0,24.3,5.7,15.0,0,16.100000260176003,0
270,0,24.5,3.2,13.85,0,18.50000029896,0
271,0,25.6,8.6,17.1,0,17.00000027472,0
272,0.5,22.9,8.3,15.6,0,8.800000142208,0
273,8.100000000000001,23.1,17.2,20.15,0,7.900000127664001,0
274,0.2,20.3,7,13.65,0,7.900000127664001,0
275,2,19.8,4,11.9,0,12.400000200384,0
276,4.6000000000000005,18,5.9,11.95,0,8.200000132512,0
277,0,19.1,1.1,10.100000000000001,0,17.00000027472,0
278,38.1,16.2,8.6,12.399999999999999,0,8.200000132512,0
279,10.9,12.1,7.8,9.95,0,2.400000038784,0
280,0,11.5,5.2,8.35,0,6.200000100192,0
281,1.3,16.2,4.5,10.35,0,15.900000256944,0
282,0.2,19.2,5.5,12.35,0,14.400000232704,0
283,0,20.8,3.3,12.05,0,14.900000240784001,0
284,0,24.8,3.7,14.25,0,15.100000244016002,0
285,0,27.7,10,18.85,0,15.100000244016002,0
286,0,23.6,10.3,16.950000000000003,0,12.300000198768,0
287,0.5,10.3,4,7.15,0,4.100000066256,0
288,0,10.7,1.3,6.0,0,15.400000248864,0
289,0,14.8,-1.1,6.8500000000000005,0,15.200000245632001,0
290,0,23.5,6.5,15.0,0,12.300000198768,0
291,0,16.1,0.8,8.450000000000001,0,13.200000213312,0
292,9.399999999999999,20.5,7,13.75,0,5.200000084032,0
293,1,8.4,3.7,6.050000000000001,0,3.0000000484800005,0
294,2.3000000000000003,3.6,0.3,1.95,0,2.5000000404000002,0
295,0,11.4,0,5.7,0,10.100000163216,0
296,10.700000000000001,18.9,3.2,11.049999999999999,0,8.300000134128,0
297,0,7.8,-2.8,2.5,0,4.200000067872001,0
298,0,15.7,-3.4,6.1499999999999995,0,13.000000210080001,0
299,0,15.1,1,8.05,0,9.50000015352,0
300,28.700000000000003,11.4,7.7,9.55,0,2.800000045248,0
301,1.5,8.3,1.8,5.050000000000001,0,4.100000066256,0
302,0,8.6,0.2,4.3999999999999995,0,9.200000148672,0
303,0,6,-1.9,2.05,0,8.400000135744001,0
304,10.4,4.1,0.5,2.3,0,2.5000000404000002,0
305,31,12.3,1.4,6.8500000000000005,0,1.100000017776,0
306,0,6.7,-4.1,1.3000000000000003,0,2.200000035552,0
307,0,-1.5,-5.8,-3.65,0,6.300000101808,0
308,0,-0.6,-7.5,-4.05,0,9.900000159984002,0
309,0,2.9,-6.6,-1.8499999999999999,0,3.5000000565600007,0
310,0,10.3,-0.8,4.75,0,7.900000127664001,0
311,0,2.8,-4,-0.6000000000000001,0,3.4000000549440004,0
312,0,-2.2,-10.6,-6.4,0,7.800000126048001,0
313,0.2,6.3,-10.9,-2.3000000000000003,0,4.200000067872001,0
314,0.2,7.2,-3.4,1.9000000000000001,0,0.900000014544,0
315,0,-3.4,-12.1,-7.75,0,10.000000161600001,0
316,0,-4.4,-8.4,-6.4,0,4.50000007272,0
317,0.5,-0.6,-14.2,-7.3999999999999995,0,10.300000166448001,0
318,0,0.4,-12.1,-5.85,0,10.300000166448001,0
319,0,0.3,-11.9,-5.8,0,7.000000113120001,0
320,0,2,-5,-1.5,0,7.800000126048001,0
321,0.5,0.8,-2.5,-0.85,0,1.5000000242400002,0
322,0,0.9,-2,-0.55,0,3.700000059792,0
323,0,7.4,-2,2.7,0,7.400000119584,0
324,0,6.7,-2.2,2.25,0,6.400000103424,0
325,0,-0.9,-8,-4.45,0,6.300000101808,0
326,0,-0.5,-10.1,-5.3,0,2.800000045248,0
327,0,-3.1,-13,-8.05,0,8.50000013736,0
328,0,-0.1,-13.1,-6.6,0,7.400000119584,0
329,0,5.1,-3.9,0.5999999999999999,0,8.50000013736,0
330,0,2.7,-1.9,0.40000000000000013,0,1.600000025856,0
331,0,1,-6.7,-2.85,0,1.800000029088,0
332,3,-4,-20.6,-12.3,0,8.200000132512,0
333,0,-3.1,-21.6,-12.350000000000001,0,8.00000012928,0
334,0,4.7,-12.7,-3.9999999999999996,0,4.800000077568,0
335,0,4.4,-9.7,-2.6499999999999995,0,8.400000135744001,0
336,0,3.6,-5.2,-0.8,0,6.200000100192,0
337,0,5.4,-1.7,1.85,0,8.100000130896001,0
338,0,1.8,-6.8,-2.5,0,6.000000096960001,0
339,0.2,2.8,-6.3,-1.75,0,7.800000126048001,0
340,0,-2.7,-8.5,-5.6,0,8.00000012928,0
341,0,-5,-14.4,-9.7,0,8.300000134128,0
342,0,-4.2,-21,-12.6,0,2.400000038784,0
343,0,-18.8,-22.5,-20.65,0,5.800000093728,0
344,0,-13.1,-20.1,-16.6,0,8.00000012928,0
345,0,-17.2,-21.1,-19.15,0,3.600000058176,0
346,0,-12.1,-18.2,-15.149999999999999,0,5.100000082416001,0
347,0,-0.1,-12.1,-6.1,0,1.5000000242400002,0
348,3,0.4,-2.5,-1.05,0,2.400000038784,0
349,0.2,-2,-10.5,-6.25,0,9.300000150288,0
350,0.8,-2.2,-14.2,-8.2,0,7.3000001179680005,0
351,0,-0.6,-10.8,-5.7,0,4.100000066256,0
352,0,-0.7,-2.9,-1.7999999999999998,0,4.600000074336,0
353,0,-2.3,-12.4,-7.35,0,3.700000059792,0
354,0,-4.8,-12.4,-8.6,0,7.700000124432,0
355,0,-4.8,-13.6,-9.2,0,4.800000077568,0
356,0,-5.1,-9.6,-7.35,0,3.300000053328,0
357,0,-2.9,-6.4,-4.65,0,3.9000000630240006,0
358,0,-3.1,-7.3,-5.2,0,1.7000000274720002,0
359,0,-5.3,-13.8,-9.55,0,7.400000119584,0
360,0,-5.4,-15.6,-10.5,0,2.300000037168,0
361,0,-6.6,-16.7,-11.649999999999999,0,7.800000126048001,0
362,0,-5.4,-18.2,-11.8,0,7.5000001212,0
363,0,-3.4,-15.1,-9.25,0,3.8000000614080003,0
364,0.2,-0.2,-6.5,-3.35,0,4.700000075952,0
365,2.3000000000000003,0.2,-2.5,-1.15,0,3.200000051712,0
1,0.8,0.2,-5.2,-2.5,0,2.600000042016,0
2,0,-5.2,-14.7,-9.95,0,7.000000113120001,0
3,0,-4.8,-20.2,-12.5,0,7.900000127664001,0
4,0,-6,-19.3,-12.65,0,6.400000103424,0
5,0,-11.7,-23.2,-17.45,0,6.100000098576,0
6,0,-10.9,-24.1,-17.5,0,7.100000114736001,0
7,0,-11.1,-21.3,-16.2,0,8.200000132512,0
8,0,-5,-18.8,-11.9,0,6.000000096960001,0
9,0,-2.8,-11.6,-7.199999999999999,0,4.50000007272,0
10,0,-5.8,-19,-12.4,0,6.200000100192,0
11,0,-2.5,-6,-4.25,0,4.50000007272,0
12,1,-0.9,-5.5,-3.2,0,5.50000008888,0
13,1.7999999999999998,7.2,-6.9,0.1499999999999999,0,7.900000127664001,0
14,0,0.2,-8.1,-3.9499999999999997,0,4.800000077568,0
15,0,-6.6,-16.3,-11.45,0,7.900000127664001,0
16,0,3.2,-7.8,-2.3,0,2.400000038784,0
17,5.1,6.8,-5.9,0.44999999999999973,0,3.600000058176,0
18,25.6,9.5,-14.5,-2.5,0,0.50000000808,0
19,0,-14.5,-19.2,-16.85,0,9.300000150288,0
20,0,-9.8,-20.1,-14.950000000000001,0,6.600000106656,0
21,0,-1.5,-11.7,-6.6,0,5.3000000856480005,0
22,0.2,0.5,-7,-3.25,0,3.200000051712,0
23,0,-7,-10.2,-8.6,0,2.200000035552,0
24,0,-10,-20.1,-15.05,0,9.900000159984002,0
25,0,-9.3,-23.4,-16.35,0,3.200000051712,0
26,0,-2.3,-12.9,-7.6,0,2.800000045248,0
27,0,-7.3,-19.7,-13.5,0,10.500000169680002,0
28,0,-3.6,-24.3,-13.950000000000001,0,5.900000095344,0
29,0,-3,-20.9,-11.95,0,10.700000172912,0
30,0,-19,-27.6,-23.3,0,9.100000147055999,0
31,0,-18.6,-31.4,-25.0,0,11.300000182607999,0
32,0,-20.4,-29,-24.7,0,11.400000184224002,0
33,0,-26.9,-33.2,-30.05,0,11.500000185840001,0
34,0,-24.6,-34.4,-29.5,0,11.500000185840001,0
35,0,-18.9,-31.1,-25.0,0,11.800000190688,0
36,0,-11.5,-23.4,-17.45,0,12.000000193920002,0
37,0,0.1,-24.8,-12.35,0,8.800000142208,0
38,0,4.3,-2.2,1.0499999999999998,0,11.400000184224002,0
39,2,5.6,0.9,3.25,0,10.300000166448001,0
40,0,5.2,-3,1.1,0,11.800000190688,0
41,0.5,8.3,0,4.15,0,9.100000147055999,0
42,0,1.3,-6.5,-2.6,0,6.000000096960001,0
43,0,-3.9,-8.5,-6.2,0,9.300000150288,0
44,0,-0.3,-8.1,-4.2,0,4.700000075952,0
45,0,-0.9,-7.7,-4.3,0,5.200000084032,0
46,0.2,-3.8,-12.2,-8.0,0,6.000000096960001,0
47,0,-4.5,-15.7,-10.1,0,14.000000226240003,0
48,0.2,-3.9,-13.7,-8.799999999999999,0,9.200000148672,0
49,0,-4,-16.8,-10.4,0,10.600000171296001,0
50,0,5.9,-8.2,-1.1499999999999995,0,13.300000214928,0
51,0.5,6.3,-1.6,2.3499999999999996,0,4.50000007272,0
52,0,-1.6,-5.3,-3.45,0,3.100000050096,0
53,0,1.9,-3.4,-0.75,0,4.00000006464,0
54,1.5,3.4,0.1,1.75,0,1.5000000242400002,0
55,0,11.9,-0.9,5.5,0,15.0000002424,0
56,1.5,10.1,-1.9,4.1,0,9.700000156752001,0
57,2.8000000000000003,0.3,-2.4,-1.05,0,1.600000025856,0
58,5.8,1.3,-9,-3.85,0,2.800000045248,0
59,0,-8.9,-13.3,-11.100000000000001,0,9.800000158368,0
60,0,-6.7,-15.3,-11.0,0,16.100000260176003,0
61,0,-0.8,-11.2,-6.0,0,11.200000180992,0
62,0,-7.1,-19.3,-13.2,0,11.600000187456,0
63,0,-5.8,-19.5,-12.65,0,16.800000271488003,0
64,0,-2.8,-14.2,-8.5,0,6.800000109888001,0
65,0,-2.7,-7.3,-5.0,0,6.900000111504,0
66,0,-7.4,-18.2,-12.8,0,8.200000132512,0
67,0,-10.5,-22.7,-16.6,0,16.800000271488003,0
68,0,-8.6,-20.4,-14.5,0,17.700000286032,0
69,0,-1.8,-18.1,-9.950000000000001,0,18.400000297344,0
70,0,3,-12.6,-4.8,0,16.600000268256,0
71,0,9.1,-1.1,4.0,0,12.700000205232001,0
72,0,12.2,0.6,6.3999999999999995,0,13.800000223008,0
73,0,14.8,-0.5,7.15,0,16.400000265024,0
74,0,8.7,-1.2,3.7499999999999996,0,9.200000148672,0
75,0,9.1,-2.5,3.3,0,17.300000279568,0
76,0,5.8,-4,0.8999999999999999,0,17.100000276336,0
77,2.5,1.3,-4.1,-1.4,0,3.4000000549440004,0
78,0,5.5,-5.4,0.04999999999999982,0,12.200000197152,0
79,0,2.3,-2.8,-0.25,0,9.300000150288,0
80,0,3.4,-5.3,-0.95,0,19.800000319968003,0
81,0,2.8,-8.8,-3.0000000000000004,0,20.800000336128,0
82,0,7.1,-6.4,0.34999999999999964,0,20.800000336128,0
83,0,9.5,-6.9,1.2999999999999998,0,17.600000284416,0
84,13.200000000000001,11.9,0,5.95,0,3.9000000630240006,0
85,0.2,11.7,-11.1,0.2999999999999998,0,9.50000015352,0
86,0,-10,-15.3,-12.65,0,22.00000035552,0
87,0,2.7,-13,-5.15,0,21.400000345824,0
88,0,6.6,-5.6,0.5,0,16.200000261792002,0
89,0,9.8,-3.5,3.1500000000000004,0,21.50000034744,0
90,0.8,10.5,-1.5,4.5,0,10.600000171296001,0
91,2,7.2,-2.3,2.45,0,15.700000253712002,0
92,0,8,-5.9,1.0499999999999998,0,22.200000358752,0
93,0,14.1,-0.2,6.95,0,14.200000229472002,0
94,2.5,5.4,-0.6,2.4000000000000004,0,5.700000092112001,0
95,2,-0.1,-3.9,-2.0,0,5.0000000808000005,0
96,0.8,4.2,-6,-0.8999999999999999,0,21.800000352288002,0
97,0,4.8,-4,0.3999999999999999,0,15.300000247248,0
98,0,3.9,-6,-1.05,0,23.200000374912,0
99,0,5.2,-5.6,-0.19999999999999973,0,20.400000329664003,0
100,0,11,-4.5,3.25,0,24.100000389456,0
101,0,16.7,-2.5,7.1,0,23.800000384608005,0
102,0,23.3,4.8,14.05,0,18.900000305424,0
103,0.2,6.6,1.5,4.05,0,4.100000066256,0
104,0,7.4,-0.4,3.5,0,9.50000015352,0
105,0.5,4.9,-1.4,1.7500000000000002,0,6.500000105040001,0
106,6.1,4,-0.5,1.75,0,12.600000203616,0
107,0.2,7.7,-2.1,2.8,0,14.900000240784001,0
108,0,16.8,-3.4,6.7,0,24.500000395920004,0
109,13.700000000000001,22,7.1,14.55,0,13.600000219776001,0
110,14.2,21.2,8.8,15.0,0,18.700000302192,0
111,0.8,11.9,4.2,8.05,0,10.900000176144001,0
112,0,17.9,0.6,9.25,0,23.900000386224,0
113,0,13.7,1.6,7.6499999999999995,0,21.800000352288002,0
114,0,13.1,-2.4,5.35,0,26.700000431472002,0
115,0,20.4,2.6,11.5,0,24.600000397536,0
116,0.8,17.5,8.2,12.85,0,9.700000156752001,0
117,0.5,8.8,-2.8,3.0000000000000004,0,21.900000353904,0
118,0,13.1,-5,4.05,0,26.400000426624,0
119,0,14.5,0.6,7.55,0,18.200000294111998,0
120,21.099999999999998,6.2,0.1,3.15,0,2.700000043632,0
121,2.8000000000000003,9.5,0.2,4.85,0,14.000000226240003,0
122,0,12.8,-0.7,6.050000000000001,0,24.300000392688002,0
123,0.8,17.2,1.8,9.5,0,20.500000331280003,0
124,0,13.7,2.8,8.25,0,9.700000156752001,0
125,0,15.9,5.1,10.5,0,18.00000029088,0
126,0,8,3.8,5.9,0,4.100000066256,0
127,0,11.9,2.7,7.300000000000001,0,10.500000169680002,0
128,0,15.4,5.8,10.6,0,15.600000252096002,0
129,5.1,10.8,6.5,8.65,0,2.600000042016,0
130,26.200000000000003,14.2,8.5,11.35,0,5.50000008888,0
131,20.099999999999998,11.2,4.3,7.75,0,4.00000006464,0
132,0,12.9,1.2,7.05,0,22.400000361984,0
133,0,13,-0.7,6.15,0,23.400000378144,0
134,0,15.4,-1.7,6.8500000000000005,0,29.00000046864,0
135,6.6000000000000005,10.3,3.8,7.050000000000001,0,4.50000007272,0
136,7.1,11.6,6.5,9.05,0,5.600000090496,0
137,0.2,15.8,10.2,13.0,0,7.100000114736001,0
138,0,28.7,11.4,20.05,0,16.900000273104002,0
139,0,30.3,19.8,25.05,0,26.100000421776,0
140,0,28.8,18.7,23.75,0,14.100000227856002,0
141,10.4,19.5,12.6,16.05,0,5.600000090496,0
142,0,23.7,9.9,16.8,0,26.200000423392,0
143,1,25.7,8.1,16.9,0,23.300000376528004,0
144,9.399999999999999,16.4,8.6,12.5,0,8.700000140592001,0
145,0,15.2,6.8,11.0,0,13.700000221392001,0
146,2.3000000000000003,13.5,5.8,9.65,0,8.400000135744001,0
147,0.2,14.9,8.1,11.5,0,10.200000164832002,0
148,0.8,14.6,7.2,10.9,0,9.100000147055999,0
149,0.8,19.2,8.3,13.75,0,9.900000159984002,0
150,0,19.9,3.9,11.899999999999999,0,29.800000481568002,0
151,0,20.5,0,10.25,0,30.500000492879998,0
152,0,22.7,3.7,13.2,0,29.00000046864,0
153,28.700000000000003,22.8,11.5,17.15,0,10.500000169680002,0
154,0.8,24.5,12.4,18.45,0,22.400000361984,0
155,0,16.8,11.4,14.100000000000001,0,9.900000159984002,0
156,3.5999999999999996,15.7,8.3,12.0,0,10.900000176144001,0
157,10.700000000000001,20.1,6.9,13.5,0,15.700000253712002,0
158,21.299999999999997,23.8,12.6,18.2,0,17.400000281184003,0
159,13.5,14,11.3,12.65,0,2.600000042016,0
160,0,17.9,10.6,14.25,0,7.100000114736001,0
161,3.3000000000000003,18.3,12.4,15.350000000000001,0,9.100000147055999,0
162,2.8000000000000003,22,14.7,18.35,0,8.50000013736,0
163,0.2,23.8,13,18.4,0,18.200000294111998,0
164,0,27.4,11.2,19.299999999999997,0,28.200000455712004,0
165,0,30.2,17.4,23.799999999999997,0,28.700000463792,0
166,0,28.5,15.2,21.85,0,29.400000475104,0
167,0,29.2,12.5,20.85,0,28.700000463792,0
168,26.9,24.2,15.6,19.9,0,8.400000135744001,0
169,75.19999999999999,26.5,14.7,20.6,0,8.50000013736,0
170,13.5,19.7,16.2,17.95,0,5.900000095344,0
171,0.2,20.7,15.7,18.2,0,6.500000105040001,0
172,0,26.2,17.5,21.85,0,21.600000349056,0
173,8.100000000000001,28.4,19.4,23.9,0,14.400000232704,0
174,0,22.9,13.7,18.299999999999997,0,23.600000381376,0
175,2,22.3,12.5,17.4,0,13.600000219776001,0
176,0,20.7,11.7,16.2,0,13.000000210080001,0
177,0,25.4,9.1,17.25,0,29.00000046864,0
178,0,26.8,12.8,19.8,0,25.700000415312,0
179,0,31.1,14.1,22.6,0,28.500000460560003,0
180,0,31.4,16.7,24.049999999999997,0,26.500000428240003,0
181,9.6,33.3,22.4,27.849999999999998,0,24.700000399152003,0
182,0,28.7,16,22.35,0,27.600000446016,0
183,0,28.2,13.5,20.85,0,27.800000449248,0
184,8.4,25.8,14.5,20.15,0,25.800000416928,0
185,0,25.5,11.6,18.55,0,30.300000489648,0
186,0,27.2,11.5,19.35,0,26.300000425008,0
187,0,27.9,15.3,21.6,0,26.168770423976003,0
188,0,28.4,12.4,20.4,0,21.700000350672,0
189,0.8,27.8,15.2,21.5,0,29.300000473488,0
190,0.2,24.3,12.8,18.55,0,21.50000034744,0
191,1.7999999999999998,20.6,8.4,14.5,0,18.200000294111998,0
192,0,23.4,8,15.7,0,30.500000492879998,0
193,0.2,25.2,10.9,18.05,0,22.400000361984,0
194,6.8999999999999995,25.6,16,20.8,0,17.00000027472,0
195,0.2,24.8,13.6,19.2,0,19.900000321584002,0
196,0,22.5,12.9,17.7,0,19.800000319968003,0
197,0,26.5,12.6,19.55,0,22.00000035552,0
198,0,30.3,14.3,22.3,0,26.700000431472002,0
199,10.9,25,18.1,21.55,0,10.500000169680002,0
200,34.8,30.6,20.3,25.450000000000003,0,15.300000247248,0
201,0,23.1,12.8,17.950000000000003,0,10.800000174528,0
202,0,22.5,10.5,16.5,0,28.100000454096,0
203,0,24.2,10.1,17.15,0,25.200000407232,0
204,0,25.1,13.1,19.1,0,13.200000213312,0
205,0,25.7,11.8,18.75,0,25.800000416928,0
206,4.1,24.8,14.3,19.55,0,22.600000365215998,0
207,0,23.1,13.1,18.1,0,19.900000321584002,0
208,0,26.3,10.1,18.2,0,22.700000366832,0
209,1.5,24.7,11.4,18.05,0,19.200000310272,0
210,0.5,24.6,15.7,20.15,0,13.300000214928,0
211,0.2,23.8,14.4,19.1,0,20.300000328048,0
212,0,22,11.6,16.8,0,22.200000358752,0
213,0,19.6,9.9,14.75,0,9.800000158368,0
214,0,26.4,13.1,19.75,0,22.800000368448003,0
215,0,27.4,11.3,19.35,0,25.000000404,0
216,0,27.8,11.5,19.65,0,23.400000378144,0
217,0,27.8,14.2,21.0,0,19.200000310272,0
218,29.700000000000003,29.8,21.7,25.75,0,16.200000261792002,0
219,7.1,30.9,19.9,25.4,0,20.100000324816,0
220,0.2,28.7,16.9,22.799999999999997,0,24.500000395920004,0
221,0,25.5,12.6,19.05,0,27.400000442784002,0
222,0,24.3,10.5,17.4,0,26.200000423392,0
223,0,24.4,9.3,16.85,0,22.5000003636,0
224,0,24.8,12.9,18.85,0,20.300000328048,0
225,0,27,11.5,19.25,0,25.700000415312,0
226,0,30.97749,18.01118,24.494335,0,14.070260226152001,0
227,0,26.2,15.3,20.75,0,21.300000344208,0
228,0,22.2,11.8,17.0,0,13.100000211696,0
229,0,24.6,7.9,16.25,0,22.800000368448003,0
230,0,25.9,8,16.95,0,25.800000416928,0
231,1.5,26.1,11.1,18.6,0,14.200000229472002,0
232,11.399999999999999,25.5,19.3,22.4,0,8.100000130896001,0
233,0.2,27.4,15.4,21.4,0,16.900000273104002,0
234,0,29.2,15,22.1,0,18.700000302192,0
235,0.5,23.9,16.8,20.35,0,7.200000116352,0
236,0,25.2,12,18.6,0,24.900000402384002,0
237,0,26.3,9.6,17.95,0,24.500000395920004,0
238,0,26.6,9.5,18.05,0,24.100000389456,0
239,0,23,13.2,18.1,0,15.200000245632001,0
240,0,23.1,11,17.05,0,13.600000219776001,0
241,0,24.8,8.2,16.5,0,24.100000389456,0
242,0,25.9,7.4,16.65,0,22.100000357136,0
243,0,26.9,10.8,18.85,0,21.900000353904,0
244,0,26.7,10.7,18.7,0,19.600000316736,0
245,0,27,13.1,20.05,0,19.200000310272,0
246,0,27.1,12.6,19.85,0,19.700000318352,0
247,0,28.2,11.4,19.8,0,20.100000324816,0
248,0,29.9,11.7,20.799999999999997,0,20.100000324816,0
249,0,29.1,13.2,21.15,0,20.000000323200002,0
250,0,28.1,12.8,20.450000000000003,0,17.300000279568,0
251,0,28.4,14.4,21.4,0,15.800000255328001,0
252,2,24.4,13.6,19.0,0,6.600000106656,0
253,0,24.3,10.7,17.5,0,16.200000261792002,0
254,0,27.7,8.8,18.25,0,18.900000305424,0
255,0,23,10,16.5,0,19.300000311888002,0
256,0,16.3,7.2,11.75,0,7.000000113120001,0
257,0,16.5,4.1,10.3,0,19.900000321584002,0
258,0,15.9,5.1,10.5,0,9.800000158368,0
259,0,20,6.8,13.4,0,16.200000261792002,0
260,0,15.9,7.6,11.75,0,7.800000126048001,0
261,0,17.8,4.2,11.0,0,9.700000156752001,0
262,0,22.1,4.3,13.200000000000001,0,20.200000326432,0
263,0,23.3,1.2,12.25,0,19.50000031512,0
264,5.1,19.5,8.2,13.85,0,5.700000092112001,0
265,0,21.4,10.7,16.049999999999997,0,13.600000219776001,0
266,0,21.2,5.7,13.45,0,17.700000286032,0
267,2,17.8,5.4,11.600000000000001,0,5.700000092112001,0
268,0,17.8,2.7,10.25,0,18.900000305424,0
269,0,18.5,2.6,10.55,0,12.800000206848,0
270,21.099999999999998,16.3,10.2,13.25,0,1.5000000242400002,0
271,0.5,16.1,10.1,13.100000000000001,0,9.800000158368,0
272,0,25.43571,13.8316,19.633655,0,9.1046101452,0
273,0,15.4,2.4,8.9,0,17.800000287648,0
274,0,25.4,6.6,16.0,0,15.600000252096002,0
275,0,22.8,10.5,16.65,0,17.00000027472,0
276,0,15.8,-1.6,7.1000000000000005,0,12.400000200384,0
277,0,11.8,-3.5,4.15,0,17.500000282800002,0
278,0,14.6,-2.9,5.85,0,7.400000119584,0
279,0,26.98264,13.65234,20.31749,0,13.024070209791999,0
280,19.6,22.8,8.5,15.65,0,9.100000147055999,0
281,0,12.7,-1.1,5.8,0,5.200000084032,0
282,0,11.8,-1.4,5.2,0,14.200000229472002,0
283,0.2,13.9,0.3,7.1000000000000005,0,7.000000113120001,0
284,0.2,9.6,-1.9,3.8499999999999996,0,14.200000229472002,0
285,0,13.6,-3.4,5.1,0,13.700000221392001,0
286,0,20,6,13.0,0,13.000000210080001,0
287,0,23.9,4.2,14.049999999999999,0,13.400000216543999,0
288,0,17.1,1.7,9.4,0,14.300000231088001,0
289,0,20.9,5.4,13.149999999999999,0,9.300000150288,0
290,2,23.5,7.8,15.65,0,12.000000193920002,0
291,4.8,20.5,6,13.25,0,5.3000000856480005,0
292,0,10.6,-1.3,4.6499999999999995,0,14.700000237552,0
293,0,4.98491,4.33408,4.659495,0,7.580320122344,0
294,13.878900000000002,17.73353,13.10564,15.419584999999998,0,8.409680137728001,0
295,0.2,16.7,5.5,11.1,0,5.400000087264,0
296,19.6,14,8.1,11.05,0,1.400000022624,0
297,1,8.1,2.1,5.1,0,3.600000058176,0
298,0,9.4,2.4,5.9,0,6.300000101808,0
299,0,18.8,1.7,10.25,0,10.900000176144001,0
300,0,17.4,9.7,13.549999999999999,0,3.300000053328,0
301,0,17.1,5.3,11.200000000000001,0,11.00000017776,0
302,0,12.2,-0.5,5.85,0,12.600000203616,0
303,38.9,12.3,-1.9,5.2,0,0.700000011312,0
304,0.2,10.9,-3.6,3.6500000000000004,0,7.700000124432,0
305,0,0.1,-5,-2.45,0,11.500000185840001,0
306,0,1.6,-6.2,-2.3,0,12.100000195536001,0
307,0,2.4,-5.6,-1.5999999999999999,0,11.300000182607999,0
308,0,10.4,-7.4,1.5,0,11.400000184224002,0
309,0,6.88064,2.35146,4.6160499999999995,0,5.715690092112001,0
310,0,9,2.2,5.6,0,3.5000000565600007,0
311,3.3000000000000003,14.7,3.2,8.95,0,1.200000019392,0
312,0,5.8,-1.1,2.3499999999999996,0,3.5000000565600007,0
313,0,3.7,-1.9,0.9000000000000001,0,3.4000000549440004,0
314,0,2,-5.2,-1.6,0,6.800000109888001,0
315,0,-0.9,-6,-3.45,0,8.700000140592001,0
316,0,-1.7,-10.2,-5.949999999999999,0,8.700000140592001,0
317,0,-2.3,-12.4,-7.35,0,10.300000166448001,0
318,0,-2.8,-13.1,-7.949999999999999,0,10.400000168064,0
319,0,-2.1,-14.3,-8.200000000000001,0,10.300000166448001,0
320,0,3.3,-4.9,-0.8000000000000003,0,2.400000038784,0
321,0,13.3,2.8,8.05,0,5.900000095344,0
322,4.3,9.4,-3.9,2.75,0,4.600000074336,0
323,0,-0.5,-6.2,-3.35,0,6.200000100192,0
324,0,-3.2,-9.7,-6.449999999999999,0,3.5000000565600007,0
325,0,0.85862,-1.7013,-0.42134,0,5.4328100864160005,0
326,0,1.90795,-6.42076,-2.256405,0,4.56272007368,0
327,0,-1.66441,-3.27332,-2.468865,0,3.4801200562856005,0
328,0.8,0.5,-3.7,-1.6,0,2.200000035552,0
329,0,-3.1,-11.1,-7.1,0,3.9000000630240006,0
330,0,-6.4,-13.8,-10.100000000000001,0,5.800000093728,0
331,0,-9.7,-19,-14.35,0,9.100000147055999,0
332,0,-7.8,-21,-14.4,0,6.400000103424,0
333,0,-0.6,-12.2,-6.3999999999999995,0,8.700000140592001,0
334,10.9,2,-5.6,-1.7999999999999998,0,3.200000051712,0
335,0.8,2.2,-1.2,0.5000000000000001,0,1.9000000307040001,0
336,0,-1,-7,-4.0,0,2.00000003232,0
337,0,-3.9,-10.3,-7.1000000000000005,0,6.900000111504,0
338,0.2,-1.9,-6.2,-4.05,0,6.300000101808,0
339,0,-0.6,-6.7,-3.65,0,5.600000090496,0
340,4.3,-0.1,-3.4,-1.75,0,3.4000000549440004,0
341,0,0.5,-5.2,-2.35,0,2.700000043632,0
342,0,0.6,-10.3,-4.8500000000000005,0,8.300000134128,0
343,0,-2.3,-3.8,-3.05,0,3.0000000484800005,0
344,0,-2.6,-5.4,-4.0,0,4.800000077568,0
345,0,0.2,-4.5,-2.15,0,3.600000058176,0
346,1,1.5,-0.6,0.45,0,3.0000000484800005,0
347,0,0.7,-1.5,-0.4,0,1.400000022624,0
348,0,4.1,-4.7,-0.30000000000000027,0,5.3000000856480005,0
349,4.1,3,-4.2,-0.6000000000000001,0,1.800000029088,0
350,5.1,3.9,-5.2,-0.6500000000000001,0,1.100000017776,0
351,0,-2.7,-9.1,-5.9,0,4.50000007272,0
352,0,-4.2,-10.1,-7.15,0,2.600000042016,0
353,0,-10,-16.9,-13.45,0,5.600000090496,0
354,0,-8.6,-17.2,-12.899999999999999,0,4.300000069488,0
355,0,-7.6,-19.5,-13.55,0,7.5000001212,0
356,0,0.8,-7.6,-3.4,0,3.9000000630240006,0
357,0,1.2,-7,-2.9,0,2.800000045248,0
358,1.7999999999999998,-0.4,-4.4,-2.4000000000000004,0,0.800000012928,0
359,0,-4.4,-19.7,-12.05,0,5.900000095344,0
360,0,-18.2,-22.7,-20.45,0,3.8000000614080003,0
361,0,-13.8,-27.1,-20.450000000000003,0,4.700000075952,0
362,0,-2,-25.1,-13.55,0,2.600000042016,0
363,6.1,0.6,-5.4,-2.4000000000000004,0,3.300000053328,0
364,0,-5.5,-13.5,-9.5,0,4.200000067872001,0
365,0,-4.6,-8.7,-6.6499999999999995,0,3.600000058176,0
1,2.8000000000000003,0,-2.5,-1.25,0,2.900000046864,0
2,1.7999999999999998,4.2,-0.4,1.9000000000000001,0,2.600000042016,0
3,0,2.4,-0.3,1.05,0,2.600000042016,0
4,18.799999999999997,2.4,0.7,1.5499999999999998,0,0.400000006464,0
5,0,0.9,-14,-6.55,0,3.9000000630240006,0
6,0,-8.2,-14.8,-11.5,0,8.300000134128,0
7,0,-9,-16.8,-12.9,0,8.300000134128,0
8,0,-2.1,-14.4,-8.25,0,8.300000134128,0
9,0,-3.8,-6.4,-5.1,0,4.400000071104,0
10,0,-4.6,-10.7,-7.6499999999999995,0,5.800000093728,0
11,0,-10.7,-20.5,-15.6,0,7.800000126048001,0
12,0,-16.6,-22.4,-19.5,0,7.900000127664001,0
13,0,-10.7,-19.1,-14.9,0,7.900000127664001,0
14,0,-8.8,-19.2,-14.0,0,7.3000001179680005,0
15,0,-7,-10.6,-8.8,0,4.700000075952,0
16,0,-8.3,-23,-15.65,0,9.400000151904,0
17,0,-15.5,-25.1,-20.3,0,9.50000015352,0
18,0,-13.7,-23.5,-18.6,0,7.800000126048001,0
19,0,-1.9,-19.4,-10.649999999999999,0,5.50000008888,0
20,0,1.4,-9.9,-4.25,0,8.50000013736,0
21,0.8,6,-3.9,1.05,0,4.100000066256,0
22,0.5,6.4,-8.6,-1.0999999999999996,0,1.400000022624,0
23,0,-5.1,-13.9,-9.5,0,9.100000147055999,0
24,0,-5.61605,-10.8678,-8.241925,0,4.864590079672,0
25,0,-6.7,-21.3,-14.0,0,7.600000122816001,0
26,0,-12.1,-22.4,-17.25,0,5.600000090496,0
27,0,-10.4,-19,-14.7,0,5.900000095344,0
28,0,-14.3,-24.9,-19.6,0,11.00000017776,0
29,0,-10.5,-19.3,-14.9,0,5.400000087264,0
30,0,-7.1,-19.8,-13.45,0,7.700000124432,0
31,2,5,-7.8,-1.4,0,7.400000119584,0
32,0,1,-4.8,-1.9,0,6.500000105040001,0
33,0,2,-4.6,-1.2999999999999998,0,10.900000176144001,0
34,0,0.4,-7.4,-3.5,0,6.600000106656,0
35,0,-1.2,-3,-2.1,0,3.100000050096,0
36,0,-2.2,-4.6,-3.4,0,6.400000103424,0
37,1.5,-3.6,-12.3,-7.95,0,9.300000150288,0
38,0.2,-3.4,-14.2,-8.799999999999999,0,6.800000109888001,0
39,4.3,2.4,-13.5,-5.55,0,12.800000206848,0
40,0,-1.9,-19,-10.45,0,9.200000148672,0
41,0,-3.4,-12.9,-8.15,0,7.900000127664001,0
42,0,-4.5,-7.9,-6.2,0,10.500000169680002,0
43,0.2,-7.8,-24.9,-16.349999999999998,0,13.600000219776001,0
44,0.8,-4.3,-22.6,-13.450000000000001,0,12.300000198768,0
45,0,-2.4,-20.4,-11.399999999999999,0,10.000000161600001,0
46,0,-6.7,-17.8,-12.25,0,13.700000221392001,0
47,0.8,-6.9,-15,-10.95,0,14.100000227856002,0
48,0,4,-9.7,-2.8499999999999996,0,12.600000203616,0
49,0,9.1,3.2,6.15,0,10.400000168064,0
50,0,3.8,-3.1,0.34999999999999987,0,13.200000213312,0
51,8.6,3.1,-3.7,-0.30000000000000004,0,0.800000012928,0
52,17.8,2.3,-5.5,-1.6,0,3.100000050096,0
53,0,-1.2,-10.9,-6.05,0,13.400000216543999,0
54,0,-1.9,-12.3,-7.1000000000000005,0,15.600000252096002,0
55,0,-6.3,-14,-10.15,0,15.600000252096002,0
56,0,0.4,-14,-6.8,0,15.900000256944,0
57,0,2.5,-2.1,0.19999999999999996,0,4.600000074336,0
58,2,1.7,-2.3,-0.29999999999999993,0,10.900000176144001,0
59,0.8,1.4,-1.2,0.09999999999999998,0,5.900000095344,0
60,1.5,5.5,-1.2,2.15,0,4.600000074336,0
61,0,2.2,-4.2,-1.0,0,15.600000252096002,0
62,0,1.4,-3.4,-1.0,0,8.00000012928,0
63,0,1.3,-1.7,-0.19999999999999996,0,3.700000059792,0
64,0,1,-6.3,-2.65,0,5.800000093728,0
65,0,-4.2,-10.6,-7.4,0,16.800000271488003,0
66,0,2.3,-10.9,-4.300000000000001,0,13.500000218160002,0
67,0.2,2.7,-5.3,-1.2999999999999998,0,11.200000180992,0
68,15.5,5.8,-1.2,2.3,0,5.50000008888,0
69,0,10.1,-1.3,4.3999999999999995,0,12.700000205232001,0
70,0,6.4,-2,2.2,0,14.900000240784001,0
71,0,1.7,-3.8,-1.0499999999999998,0,7.800000126048001,0
72,0,-1.2,-4.9,-3.0500000000000003,0,5.700000092112001,0
73,0,-3.8,-12.6,-8.2,0,13.500000218160002,0
74,0,-9.5,-18.1,-13.8,0,19.800000319968003,0
75,3.8,1.1,-20,-9.45,0,15.50000025048,0
76,0,9.4,-2,3.7,0,14.200000229472002,0
77,0,0.8,-6.8,-3.0,0,13.000000210080001,0
78,0,6,-7.7,-0.8500000000000001,0,16.800000271488003,0
79,0,10.2,-1.3,4.449999999999999,0,18.600000300576,0
80,0,15.8,1.8,8.8,0,12.800000206848,0
81,0,6.4,0.2,3.3000000000000003,0,7.3000001179680005,0
82,0,1.4,-4.9,-1.7500000000000002,0,15.0000002424,0
83,6.3,1.1,-5.5,-2.2,0,4.400000071104,0
84,4.1,2.8,0.3,1.5499999999999998,0,6.800000109888001,0
85,0,14.4,-1.7,6.3500000000000005,0,21.200000342592002,0
86,0.2,21.9,-0.3,10.799999999999999,0,20.600000332896002,0
87,5.300000000000001,12.8,5.8,9.3,0,4.600000074336,0
88,0,6.1,2.9,4.5,0,3.8000000614080003,0
89,1.5,8.1,-0.6,3.75,0,7.900000127664001,0
90,0,10.4,-3,3.7,0,22.600000365215998,0
91,0,17,-1.9,7.55,0,21.600000349056,0
92,0,20,0.7,10.35,0,18.900000305424,0
93,0,17.4,7.5,12.45,0,21.900000353904,0
94,1,23.3,7.2,15.25,0,14.50000023432,0
95,5.6000000000000005,16.2,11.2,13.7,0,2.400000038784,0
96,0.5,12.6,-5,3.8,0,9.900000159984002,0
97,0,2.1,-6.5,-2.2,0,24.100000389456,0
98,0,-1.6,-9.7,-5.6499999999999995,0,22.400000361984,0
99,0,3.5,-9.8,-3.1500000000000004,0,24.800000400768,0
100,0,4.1,-5.1,-0.5,0,13.100000211696,0
101,0.8,3.6,-1.8,0.9,0,6.500000105040001,0
102,1.3,-0.7,-6,-3.35,0,9.600000155136,0
103,3.5999999999999996,6.3,-13.2,-3.4499999999999997,0,25.700000415312,0
104,0,10.1,-3.4,3.3499999999999996,0,25.100000405616,0
105,0,17.7,0.4,9.049999999999999,0,21.700000350672,0
106,0,6,-0.7,2.65,0,10.700000172912,0
107,0,12.2,-2.9,4.6499999999999995,0,25.300000408848,0
108,3.5999999999999996,9.4,-2.2,3.6,0,7.600000122816001,0
109,4.6000000000000005,8.6,3.9,6.25,0,3.8000000614080003,0
110,4.6000000000000005,14.5,0.6,7.55,0,11.200000180992,0
111,0,13.2,-0.4,6.3999999999999995,0,22.400000361984,0
112,0,13.8,-2.3,5.75,0,21.600000349056,0
113,1.3,12.5,-0.3,6.1,0,18.200000294111998,0
114,0.2,14.2,0.7,7.449999999999999,0,21.800000352288002,0
115,0,17,-1.5,7.75,0,26.000000420160003,0
116,0,18,0.7,9.35,0,18.600000300576,0
117,0,16.9,6.3,11.6,0,16.200000261792002,0
118,0,18.9,-0.3,9.299999999999999,0,26.200000423392,0
119,0,23.1,6.4,14.75,0,22.400000361984,0
120,33,15.2,0.3,7.75,0,3.700000059792,0
121,3,14.7,0.3,7.5,0,27.700000447632004,0
122,9.1,9.3,4.1,6.7,0,3.700000059792,0
123,0,14.3,2.1,8.200000000000001,0,19.800000319968003,0
124,0,17.9,1.2,9.549999999999999,0,28.700000463792,0
125,2,21.9,7.3,14.6,0,19.600000316736,0
126,0,19.2,4.2,11.7,0,28.500000460560003,0
127,15,14.6,4,9.3,0,9.300000150288,0
128,0.8,20.1,6.5,13.3,0,23.600000381376,0
129,0,14.2,2,8.1,0,22.200000358752,0
130,0,19.2,0,9.6,0,28.400000458944003,0
131,0,20.7,7.3,14.0,0,18.700000302192,0
132,0,15.8,2.2,9.0,0,26.100000421776,0
133,0,14,-1.4,6.3,0,27.200000439552003,0
134,1.3,9.1,4.2,6.65,0,6.800000109888001,0
135,2.5,10.5,0.5,5.5,0,11.200000180992,0
136,0,20.9,-0.9,10.0,0,12.800000206848,0
137,0,17.9,2,9.95,0,24.800000400768,0
138,2.3000000000000003,16.9,4.7,10.799999999999999,0,7.800000126048001,0
139,0,13.7,5.8,9.75,0,11.700000189072,0
140,0,14.5,1.1,7.8,0,21.700000350672,0
141,0,17.4,-0.3,8.549999999999999,0,28.000000452480005,0
142,0,20.3,1.6,10.950000000000001,0,29.600000478336,0
143,0,22.5,6.8,14.65,0,23.400000378144,0
144,1,20.7,8.8,14.75,0,8.900000143824,0
145,0.2,15.8,7,11.4,0,13.800000223008,0
146,0,16.9,5.1,11.0,0,23.300000376528004,0
147,0,18.6,3.3,10.950000000000001,0,24.800000400768,0
148,3.3000000000000003,19.1,10.2,14.65,0,13.900000224624,0
149,11.899999999999999,16.4,11.8,14.1,0,6.100000098576,0
150,0.2,19.2,10.2,14.7,0,12.500000202,0
151,0,23.1,7.1,15.100000000000001,0,30.200000488032003,0
152,0,25.3,7.4,16.35,0,30.500000492879998,0
153,0,25.3,9.2,17.25,0,30.500000492879998,0
154,0,22.4,10.5,16.45,0,16.900000273104002,0
155,0,24.9,8.3,16.6,0,25.300000408848,0
156,5.300000000000001,21.3,12.6,16.95,0,8.400000135744001,0
157,0,21,11.9,16.45,0,17.200000277952,0
158,11.7,16.3,8.6,12.45,0,3.600000058176,0
159,0.2,21.9,7,14.45,0,29.400000475104,0
160,0,26.1,10.3,18.200000000000003,0,28.700000463792,0
161,0,28.1,9.6,18.85,0,28.100000454096,0
162,4.8,24.6,11.2,17.9,0,18.700000302192,0
163,0,26.6,12.9,19.75,0,25.700000415312,0
164,0,27.2,12.4,19.8,0,25.800000416928,0
165,0,23.1,8.3,15.700000000000001,0,30.700000496112004,0
166,35.6,28.2,10.2,19.2,0,17.00000027472,0
167,12.4,23.2,13.5,18.35,0,23.300000376528004,0
168,0,21.9,9.9,15.899999999999999,0,31.400000507424004,0
169,0,27.1,12.7,19.9,0,21.100000340976003,0
170,1.3,26.6,12,19.3,0,17.00000027472,0
171,0,29.6,21.3,25.450000000000003,0,15.0000002424,0
172,23.599999999999998,26,18.1,22.05,0,17.500000282800002,0
173,0,30,16.8,23.4,0,27.500000444400005,0
174,0,31.5,21,26.25,0,27.000000436320004,0
175,16,31.8,20.4,26.1,0,23.200000374912,0
176,0,26.9,17.4,22.15,0,24.800000400768,0
177,0,26.8,13.9,20.35,0,30.900000499344003,0
178,0,28.1,12.9,20.5,0,30.600000494496,0
179,0,29.5,15.8,22.65,0,29.50000047672,0
180,0.2,29.4,16.9,23.15,0,22.900000370064,0
181,15.8,27.6,18.7,23.15,0,18.700000302192,0
182,6.6000000000000005,30.8,17.9,24.35,0,20.000000323200002,0
183,2,23.4,16.4,19.9,0,22.300000360368003,0
184,0,19,13.6,16.3,0,11.00000017776,0
185,0.5,20.1,12,16.05,0,14.900000240784001,0
186,8.9,23.3,9,16.15,0,26.600000429856,0
187,2.3000000000000003,21.4,8.7,15.049999999999999,0,24.400000394304,0
188,0,22.5,6.3,14.4,0,26.000000420160003,0
189,30.5,23.8,13.5,18.65,0,20.500000331280003,0
190,0,22.1,9.7,15.9,0,26.000000420160003,0
191,0,25.1,8,16.55,0,29.100000470256003,0
192,0,26.4,11.7,19.049999999999997,0,28.500000460560003,0
193,0,28.6,14.6,21.6,0,19.300000311888002,0
194,0,31,21.4,26.2,0,23.900000386224,0
195,8.100000000000001,28,17.7,22.85,0,27.800000449248,0
196,0,30.2,15.6,22.9,0,29.00000046864,0
197,21.8,31.9,18.2,25.049999999999997,0,25.800000416928,0
198,18.5,29.2,18.6,23.9,0,18.100000292496,0
199,0,30,17.5,23.75,0,16.700000269872003,0
200,0.2,24.7,15.6,20.15,0,15.800000255328001,0
201,9.399999999999999,28.8,16.1,22.450000000000003,0,20.700000334512,0
202,6.8999999999999995,23.9,16.7,20.299999999999997,0,9.800000158368,0
203,0,24.5,15.3,19.9,0,23.400000378144,0
204,1.3,24,15.6,19.8,0,13.300000214928,0
205,0,27.5,12.8,20.15,0,25.700000415312,0
206,9.9,28.8,17.6,23.200000000000003,0,12.800000206848,0
207,26.9,33.1,20.3,26.700000000000003,0,19.700000318352,0
208,0,26.1,19.4,22.75,0,7.3000001179680005,0
209,0,27.4,14.7,21.049999999999997,0,27.500000444400005,0
210,0,23,10.9,16.95,0,27.100000437936,0
211,0,24.7,9.7,17.2,0,28.400000458944003,0
212,0,25.1,9.1,17.1,0,27.900000450864002,0
213,0,24.2,14.8,19.5,0,9.600000155136,0
214,0,29.6,17.4,23.5,0,27.500000444400005,0
215,12.9,28,16.9,22.45,0,14.000000226240003,0
216,2.5,25.1,13.2,19.15,0,20.300000328048,0
217,0,22.6,8.5,15.55,0,27.700000447632004,0
218,0,22.3,11.7,17.0,0,19.900000321584002,0
219,0,25.2,10.6,17.9,0,25.200000407232,0
220,0,25.7,10.6,18.15,0,26.400000426624,0
221,1.5,24.1,12.1,18.1,0,12.500000202,0
222,0,23.6,14.9,19.25,0,9.800000158368,0
223,0.2,18.1,14.2,16.15,0,9.100000147055999,0
224,27.9,19.2,14.4,16.8,0,4.400000071104,0
225,0,22.4,9,15.7,0,23.100000373295998,0
226,0.5,23.6,7.7,15.65,0,14.300000231088001,0
227,4.3,26.6,17.2,21.9,0,21.600000349056,0
228,0,27.8,17.3,22.55,0,18.50000029896,0
229,17.8,17.9,13.3,15.6,0,4.300000069488,0
230,0,19.7,12.7,16.2,0,14.000000226240003,0
231,1.3,18.5,9,13.75,0,8.300000134128,0
232,3.5999999999999996,18.8,0,9.4,0,6.300000101808,0
233,0,24.80926,10.17536,17.49231,0,19.352490311512,0
234,0,19.86652,7.2562,13.56136,0,18.583350298512002,0
235,3.5999999999999996,12.92743,4.57994,8.753684999999999,0,11.383410184904001,0
236,0,19.80171,6.45144,13.126574999999999,0,19.313840310264002,0
237,0,22.4,12.1,17.25,0,18.900000305424,0
238,0,26.4,11,18.7,0,15.200000245632001,0
239,0,27.4,16.4,21.9,0,18.800000303808,0
240,0,24.4,11.9,18.15,0,20.700000334512,0
241,0,22.3,10,16.15,0,18.50000029896,0
242,5.8,20.2,14.2,17.2,0,3.8000000614080003,0
243,0,27.1,15.3,21.200000000000003,0,19.300000311888002,0
244,0.8,27.2,13.3,20.25,0,21.400000345824,0
245,0,20.5,10.6,15.55,0,11.600000187456,0
246,0,18.4,4.2,11.299999999999999,0,23.600000381376,0
247,0,20.6,3.2,11.9,0,23.000000371680002,0
248,0,19.1,7,13.05,0,7.200000116352,0
249,0,26.4,13.4,19.9,0,22.00000035552,0
250,0,20,11.6,15.8,0,6.100000098576,0
251,2.3000000000000003,20.2,13.6,16.9,0,6.000000096960001,0
252,2.5,22.1,12.9,17.5,0,10.900000176144001,0
253,0.2,20.6,9.9,15.25,0,18.300000295728,0
254,0,20.5,6.3,13.4,0,18.600000300576,0
255,0,22.1,5.3,13.700000000000001,0,20.800000336128,0
256,1.5,21.8,6.3,14.05,0,10.600000171296001,0
257,0,24.1,11.2,17.65,0,11.500000185840001,0
258,0.2,25.6,10.9,18.25,0,14.700000237552,0
259,16.299999999999997,26.3,15,20.65,0,9.700000156752001,0
260,0,24.8,9.2,17.0,0,20.400000329664003,0
261,0,26.7,9.3,18.0,0,16.800000271488003,0
262,1.3,24.7,14.5,19.6,0,4.700000075952,0
263,0,17,5,11.0,0,12.300000198768,0
264,0,17.1,2.7,9.9,0,17.600000284416,0
265,6.3,15,6.5,10.75,0,6.600000106656,0
266,0.2,16.8,3.3,10.05,0,13.900000224624,0
267,0,18.9,1.4,10.149999999999999,0,18.800000303808,0
268,0,24.5,11.1,17.8,0,18.100000292496,0
269,0,21.6,5,13.3,0,17.700000286032,0
270,1,22.4,9.2,15.799999999999999,0,11.100000179376,0
271,2.8000000000000003,21.6,12.5,17.05,0,15.900000256944,0
272,0,20.8,11.5,16.15,0,13.800000223008,0
273,0,17.7,6,11.85,0,10.600000171296001,0
274,0,15.7,1.7,8.7,0,16.400000265024,0
275,0,26.1,5.3,15.700000000000001,0,13.900000224624,0
276,0,28.8,10.3,19.55,0,15.600000252096002,0
277,0,24.6,7.6,16.1,0,16.600000268256,0
278,0,28.8,6,17.4,0,14.600000235936001,0
279,0,28.2,6.1,17.15,0,14.700000237552,0
280,0,29.1,15.6,22.35,0,12.000000193920002,0
281,1.3,27.8,17.7,22.75,0,10.300000166448001,0
282,1.3,19.7,2.9,11.299999999999999,0,15.0000002424,0
283,0,19.9,0.8,10.35,0,15.400000248864,0
284,0,21.2,8.2,14.7,0,8.300000134128,0
285,5.8,23.2,16.2,19.7,0,4.100000066256,0
286,8.4,18.4,2,10.2,0,6.500000105040001,0
287,0,6.7,-2.4,2.1500000000000004,0,8.700000140592001,0
288,0,13.6,-3.4,5.1,0,12.400000200384,0
289,0,15.3,-0.5,7.4,0,12.100000195536001,0
290,0,14.7,-2,6.35,0,13.000000210080001,0
291,0,15,-2.4,6.3,0,13.400000216543999,0
292,0.5,13.4,0.7,7.05,0,4.800000077568,0
293,0,9.6,-0.9,4.35,0,13.900000224624,0
294,0,6.8,-0.7,3.05,0,9.900000159984002,0
295,0,4.5,-4.1,0.20000000000000018,0,12.300000198768,0
296,3.8,5.2,-1,2.1,0,3.0000000484800005,0
297,0,8.6,4,6.3,0,2.200000035552,0
298,0,7.1,-1.1,3.0,0,10.200000164832002,0
299,0.8,1.1,-1.1,0.0,0,1.5000000242400002,0
300,3.5999999999999996,2.4,-6.5,-2.05,0,12.300000198768,0
301,0.2,5.8,-6,-0.10000000000000009,0,9.200000148672,0
302,0,12.2,-1.7,5.25,0,9.800000158368,0
303,1.7999999999999998,13.3,3.7,8.5,0,5.600000090496,0
304,0,17.2,5.6,11.399999999999999,0,9.800000158368,0
305,5.8,13.6,3.7,8.65,0,3.200000051712,0
306,0.2,3.8,-0.3,1.75,0,3.700000059792,0
307,1.7999999999999998,4.2,0.1,2.15,0,2.5000000404000002,0
308,0,4.4,-0.3,2.0500000000000003,0,4.50000007272,0
309,3.8,4.6,1.5,3.05,0,2.600000042016,0
310,1.3,5.7,1.6,3.6500000000000004,0,1.400000022624,0
311,0,7.8,2.9,5.35,0,3.4000000549440004,0
312,0,5.7,3.5,4.6,0,2.00000003232,0
313,1.5,5.1,1.4,3.25,0,2.00000003232,0
314,0,1.7,-2.7,-0.5000000000000001,0,7.000000113120001,0
315,0,0.4,-7.1,-3.3499999999999996,0,7.600000122816001,0
316,0,-1.5,-9.1,-5.3,0,10.200000164832002,0
317,0,2,-5.5,-1.75,0,6.200000100192,0
318,0,3.8,-2.5,0.6499999999999999,0,4.800000077568,0
319,0,-2,-5.4,-3.7,0,5.800000093728,0
320,0,-2.8,-8.5,-5.65,0,8.900000143824,0
321,0,3,-12.6,-4.8,0,8.900000143824,0
322,0,3.6,-4.9,-0.6500000000000001,0,8.300000134128,0
323,0,-0.8,-6.9,-3.85,0,5.800000093728,0
324,0.2,2.2,-6.4,-2.1,0,2.600000042016,0
325,0,1.8,-8.3,-3.2500000000000004,0,7.000000113120001,0
326,0.2,1.2,-7.8,-3.3,0,1.400000022624,0
327,0,-2.3,-11.6,-6.949999999999999,0,4.900000079184,0
328,0,0.8,-14.1,-6.6499999999999995,0,7.800000126048001,0
329,0,9.1,-1.6,3.75,0,5.700000092112001,0
330,0,8.3,-0.1,4.1000000000000005,0,7.600000122816001,0
331,1.5,5.6,-3,1.2999999999999998,0,2.00000003232,0
332,0,5.6,-0.8,2.4,0,3.300000053328,0
333,2,4.6,0.9,2.75,0,0.800000012928,0
334,0,5.8,-0.6,2.6,0,5.700000092112001,0
335,0,1.2,-0.7,0.25,0,1.600000025856,0
336,0,1.8,-0.3,0.75,0,1.200000019392,0
337,0.2,1.4,-0.4,0.49999999999999994,0,0.50000000808,0
338,0.2,0,-5.1,-2.55,0,1.9000000307040001,0
339,0,-3.5,-6.6,-5.05,0,5.700000092112001,0
340,0,-0.6,-3.8,-2.1999999999999997,0,4.800000077568,0
341,1.5,-0.8,-10.1,-5.45,0,6.500000105040001,0
342,0,-2.2,-9.4,-5.800000000000001,0,2.400000038784,0
343,3.5999999999999996,0.1,-2.3,-1.0999999999999999,0,4.100000066256,0
344,3.8,1.4,-2.2,-0.40000000000000013,0,4.700000075952,0
345,0,0.3,-2.2,-0.9500000000000001,0,4.300000069488,0
346,0,-1.6,-6.3,-3.95,0,7.100000114736001,0
347,0,1.3,-7.8,-3.25,0,7.700000124432,0
348,0,1.4,-9.2,-3.8999999999999995,0,7.5000001212,0
349,0,4.8,-4.9,-0.050000000000000266,0,7.700000124432,0
350,0,5.5,-5.4,0.04999999999999982,0,7.200000116352,0
351,0,4.7,-7.5,-1.4,0,7.3000001179680005,0
352,0,3.6,-1.8,0.9,0,4.300000069488,0
353,0,3.4,-0.2,1.5999999999999999,0,2.900000046864,0
354,0.2,-0.2,-11.5,-5.85,0,5.200000084032,0
355,0,-0.1,-12.7,-6.3999999999999995,0,5.200000084032,0
356,0.2,-0.6,-3.9,-2.25,0,1.100000017776,0
357,0,-1.5,-7.2,-4.35,0,2.200000035552,0
358,0,-0.7,-4.5,-2.6,0,1.9000000307040001,0
359,0,-2.5,-5.3,-3.9,0,4.00000006464,0
360,1.7999999999999998,0,-8.9,-4.45,0,6.200000100192,0
361,0,-3.3,-16.6,-9.950000000000001,0,7.800000126048001,0
362,0,-1.2,-10.1,-5.6499999999999995,0,3.8000000614080003,0
363,0,-2.3,-8.1,-5.199999999999999,0,2.300000037168,0
364,0,-4.2,-14.5,-9.35,0,4.700000075952,0
365,0,-8.3,-16.4,-12.35,0,8.00000012928,0
